clip_name,clip_path,source_video,split,lighting_final,condition_final,quality_final,clip_duration_sec,in_track_a,in_track_b,in_track_c
raw_video_001_clip_0000.mp4,clips/raw_video_001/raw_video_001_clip_0000.mp4,raw_video_001.mp4,train,day,clear,good,20.033,1,0,0
raw_video_001_clip_0001.mp4,clips/raw_video_001/raw_video_001_clip_0001.mp4,raw_video_001.mp4,train,day,clear,good,20.034,1,0,0
raw_video_001_clip_0002.mp4,clips/raw_video_001/raw_video_001_clip_0002.mp4,raw_video_001.mp4,train,day,clear,good,20.033,1,0,0
raw_video_001_clip_0003.mp4,clips/raw_video_001/raw_video_001_clip_0003.mp4,raw_video_001.mp4,train,day,clear,good,20.034,1,0,0
raw_video_001_clip_0004.mp4,clips/raw_video_001/raw_video_001_clip_0004.mp4,raw_video_001.mp4,train,day,clear,good,20.033,1,0,0
raw_video_001_clip_0005.mp4,clips/raw_video_001/raw_video_001_clip_0005.mp4,raw_video_001.mp4,train,day,clear,good,20.033,1,0,0
raw_video_002_clip_0000.mp4,clips/raw_video_002/raw_video_002_clip_0000.mp4,raw_video_002.mp4,train,day,clear,good,20.034,1,0,0
raw_video_002_clip_0001.mp4,clips/raw_video_002/raw_video_002_clip_0001.mp4,raw_video_002.mp4,train,day,clear,good,20.033,1,0,0
raw_video_002_clip_0002.mp4,clips/raw_video_002/raw_video_002_clip_0002.mp4,raw_video_002.mp4,train,day,clear,good,20.032,1,0,0
raw_video_002_clip_0003.mp4,clips/raw_video_002/raw_video_002_clip_0003.mp4,raw_video_002.mp4,train,day,clear,good,20.035,1,0,0
raw_video_002_clip_0004.mp4,clips/raw_video_002/raw_video_002_clip_0004.mp4,raw_video_002.mp4,train,day,clear,good,20.033,1,0,0
raw_video_002_clip_0005.mp4,clips/raw_video_002/raw_video_002_clip_0005.mp4,raw_video_002.mp4,train,day,clear,good,20.034,1,0,0
raw_video_002_clip_0006.mp4,clips/raw_video_002/raw_video_002_clip_0006.mp4,raw_video_002.mp4,train,day,clear,good,20.034,1,0,0
raw_video_002_clip_0007.mp4,clips/raw_video_002/raw_video_002_clip_0007.mp4,raw_video_002.mp4,train,day,clear,good,20.033,1,0,0
raw_video_002_clip_0008.mp4,clips/raw_video_002/raw_video_002_clip_0008.mp4,raw_video_002.mp4,train,day,clear,good,20.033,1,0,0
raw_video_002_clip_0009.mp4,clips/raw_video_002/raw_video_002_clip_0009.mp4,raw_video_002.mp4,train,day,clear,good,20.035,1,0,0
raw_video_002_clip_0010.mp4,clips/raw_video_002/raw_video_002_clip_0010.mp4,raw_video_002.mp4,train,day,clear,good,20.033,1,0,0
raw_video_002_clip_0011.mp4,clips/raw_video_002/raw_video_002_clip_0011.mp4,raw_video_002.mp4,train,day,clear,good,20.034,1,0,0
raw_video_002_clip_0012.mp4,clips/raw_video_002/raw_video_002_clip_0012.mp4,raw_video_002.mp4,train,day,clear,good,20.032,1,0,0
raw_video_002_clip_0013.mp4,clips/raw_video_002/raw_video_002_clip_0013.mp4,raw_video_002.mp4,train,day,clear,good,20.029,1,0,0
raw_video_002_clip_0014.mp4,clips/raw_video_002/raw_video_002_clip_0014.mp4,raw_video_002.mp4,train,day,clear,good,20.037,1,0,0
raw_video_002_clip_0015.mp4,clips/raw_video_002/raw_video_002_clip_0015.mp4,raw_video_002.mp4,train,day,clear,good,20.037,1,0,0
raw_video_002_clip_0016.mp4,clips/raw_video_002/raw_video_002_clip_0016.mp4,raw_video_002.mp4,train,day,clear,good,20.033,1,0,0
raw_video_002_clip_0018.mp4,clips/raw_video_002/raw_video_002_clip_0018.mp4,raw_video_002.mp4,train,day,clear,good,20.033,1,0,0
raw_video_002_clip_0019.mp4,clips/raw_video_002/raw_video_002_clip_0019.mp4,raw_video_002.mp4,train,day,clear,good,20.034,1,0,0
raw_video_002_clip_0020.mp4,clips/raw_video_002/raw_video_002_clip_0020.mp4,raw_video_002.mp4,train,day,clear,good,20.031,1,0,0
raw_video_002_clip_0021.mp4,clips/raw_video_002/raw_video_002_clip_0021.mp4,raw_video_002.mp4,train,day,clear,good,12.487,1,0,0
raw_video_003_clip_0000.mp4,clips/raw_video_003/raw_video_003_clip_0000.mp4,raw_video_003.mp4,train,day,clear,good,20.032,0,0,0
raw_video_003_clip_0001.mp4,clips/raw_video_003/raw_video_003_clip_0001.mp4,raw_video_003.mp4,train,day,clear,good,20.035,1,0,0
raw_video_003_clip_0002.mp4,clips/raw_video_003/raw_video_003_clip_0002.mp4,raw_video_003.mp4,train,day,clear,good,20.036,0,0,0
raw_video_003_clip_0003.mp4,clips/raw_video_003/raw_video_003_clip_0003.mp4,raw_video_003.mp4,train,day,clear,good,20.033,0,0,0
raw_video_003_clip_0004.mp4,clips/raw_video_003/raw_video_003_clip_0004.mp4,raw_video_003.mp4,train,day,clear,good,20.033,1,0,0
raw_video_003_clip_0005.mp4,clips/raw_video_003/raw_video_003_clip_0005.mp4,raw_video_003.mp4,train,day,clear,good,20.033,1,0,0
raw_video_003_clip_0006.mp4,clips/raw_video_003/raw_video_003_clip_0006.mp4,raw_video_003.mp4,train,day,clear,good,20.033,0,0,0
raw_video_003_clip_0007.mp4,clips/raw_video_003/raw_video_003_clip_0007.mp4,raw_video_003.mp4,train,day,clear,good,20.034,1,0,0
raw_video_003_clip_0008.mp4,clips/raw_video_003/raw_video_003_clip_0008.mp4,raw_video_003.mp4,train,day,clear,good,20.033,1,0,0
raw_video_003_clip_0009.mp4,clips/raw_video_003/raw_video_003_clip_0009.mp4,raw_video_003.mp4,train,day,clear,good,20.034,0,0,0
raw_video_003_clip_0010.mp4,clips/raw_video_003/raw_video_003_clip_0010.mp4,raw_video_003.mp4,train,day,clear,good,20.033,1,0,0
raw_video_003_clip_0011.mp4,clips/raw_video_003/raw_video_003_clip_0011.mp4,raw_video_003.mp4,train,day,clear,good,20.033,0,0,0
raw_video_003_clip_0012.mp4,clips/raw_video_003/raw_video_003_clip_0012.mp4,raw_video_003.mp4,train,day,clear,good,20.033,0,0,0
raw_video_003_clip_0013.mp4,clips/raw_video_003/raw_video_003_clip_0013.mp4,raw_video_003.mp4,train,day,clear,good,20.033,1,0,0
raw_video_003_clip_0014.mp4,clips/raw_video_003/raw_video_003_clip_0014.mp4,raw_video_003.mp4,train,day,clear,good,20.033,1,0,0
raw_video_003_clip_0015.mp4,clips/raw_video_003/raw_video_003_clip_0015.mp4,raw_video_003.mp4,train,day,clear,good,20.033,0,0,0
raw_video_003_clip_0016.mp4,clips/raw_video_003/raw_video_003_clip_0016.mp4,raw_video_003.mp4,train,day,clear,good,20.033,0,0,0
raw_video_003_clip_0017.mp4,clips/raw_video_003/raw_video_003_clip_0017.mp4,raw_video_003.mp4,train,day,clear,good,20.033,0,0,0
raw_video_003_clip_0018.mp4,clips/raw_video_003/raw_video_003_clip_0018.mp4,raw_video_003.mp4,train,day,clear,good,20.033,0,0,0
raw_video_003_clip_0019.mp4,clips/raw_video_003/raw_video_003_clip_0019.mp4,raw_video_003.mp4,train,day,clear,good,20.033,0,0,0
raw_video_003_clip_0020.mp4,clips/raw_video_003/raw_video_003_clip_0020.mp4,raw_video_003.mp4,train,day,clear,good,20.033,0,0,0
raw_video_003_clip_0021.mp4,clips/raw_video_003/raw_video_003_clip_0021.mp4,raw_video_003.mp4,train,day,clear,good,20.034,1,0,0
raw_video_003_clip_0022.mp4,clips/raw_video_003/raw_video_003_clip_0022.mp4,raw_video_003.mp4,train,day,clear,good,20.033,1,0,0
raw_video_003_clip_0023.mp4,clips/raw_video_003/raw_video_003_clip_0023.mp4,raw_video_003.mp4,train,day,clear,good,20.033,0,0,0
raw_video_003_clip_0024.mp4,clips/raw_video_003/raw_video_003_clip_0024.mp4,raw_video_003.mp4,train,day,clear,good,20.033,0,0,0
raw_video_003_clip_0025.mp4,clips/raw_video_003/raw_video_003_clip_0025.mp4,raw_video_003.mp4,train,day,clear,good,20.033,1,0,0
raw_video_003_clip_0026.mp4,clips/raw_video_003/raw_video_003_clip_0026.mp4,raw_video_003.mp4,train,day,clear,good,20.033,0,0,0
raw_video_003_clip_0027.mp4,clips/raw_video_003/raw_video_003_clip_0027.mp4,raw_video_003.mp4,train,day,clear,good,20.033,0,0,0
raw_video_003_clip_0028.mp4,clips/raw_video_003/raw_video_003_clip_0028.mp4,raw_video_003.mp4,train,day,clear,good,20.033,1,0,0
raw_video_003_clip_0029.mp4,clips/raw_video_003/raw_video_003_clip_0029.mp4,raw_video_003.mp4,train,day,clear,good,19.032,1,0,0
raw_video_003_clip_0030.mp4,clips/raw_video_003/raw_video_003_clip_0030.mp4,raw_video_003.mp4,train,day,clear,good,20.03,0,0,0
raw_video_003_clip_0031.mp4,clips/raw_video_003/raw_video_003_clip_0031.mp4,raw_video_003.mp4,train,day,clear,good,20.034,0,0,0
raw_video_003_clip_0032.mp4,clips/raw_video_003/raw_video_003_clip_0032.mp4,raw_video_003.mp4,train,day,clear,good,20.038,0,0,0
raw_video_003_clip_0033.mp4,clips/raw_video_003/raw_video_003_clip_0033.mp4,raw_video_003.mp4,train,day,clear,good,20.033,0,0,0
raw_video_003_clip_0034.mp4,clips/raw_video_003/raw_video_003_clip_0034.mp4,raw_video_003.mp4,train,day,clear,good,20.034,0,0,0
raw_video_003_clip_0035.mp4,clips/raw_video_003/raw_video_003_clip_0035.mp4,raw_video_003.mp4,train,day,clear,good,20.033,1,0,0
raw_video_003_clip_0036.mp4,clips/raw_video_003/raw_video_003_clip_0036.mp4,raw_video_003.mp4,train,day,clear,good,20.032,0,0,0
raw_video_003_clip_0037.mp4,clips/raw_video_003/raw_video_003_clip_0037.mp4,raw_video_003.mp4,train,day,clear,good,20.035,0,0,0
raw_video_003_clip_0038.mp4,clips/raw_video_003/raw_video_003_clip_0038.mp4,raw_video_003.mp4,train,day,clear,good,20.033,0,0,0
raw_video_003_clip_0039.mp4,clips/raw_video_003/raw_video_003_clip_0039.mp4,raw_video_003.mp4,train,day,clear,good,20.034,0,0,0
raw_video_003_clip_0040.mp4,clips/raw_video_003/raw_video_003_clip_0040.mp4,raw_video_003.mp4,train,day,clear,good,20.032,0,0,0
raw_video_003_clip_0041.mp4,clips/raw_video_003/raw_video_003_clip_0041.mp4,raw_video_003.mp4,train,day,clear,good,20.034,1,0,0
raw_video_003_clip_0042.mp4,clips/raw_video_003/raw_video_003_clip_0042.mp4,raw_video_003.mp4,train,day,clear,good,20.034,1,0,0
raw_video_003_clip_0044.mp4,clips/raw_video_003/raw_video_003_clip_0044.mp4,raw_video_003.mp4,train,day,shadow,good,20.034,1,0,0
raw_video_003_clip_0045.mp4,clips/raw_video_003/raw_video_003_clip_0045.mp4,raw_video_003.mp4,train,day,shadow,good,20.033,1,0,0
raw_video_003_clip_0046.mp4,clips/raw_video_003/raw_video_003_clip_0046.mp4,raw_video_003.mp4,train,day,clear,good,20.034,0,0,0
raw_video_003_clip_0047.mp4,clips/raw_video_003/raw_video_003_clip_0047.mp4,raw_video_003.mp4,train,day,clear,good,20.033,1,0,0
raw_video_003_clip_0048.mp4,clips/raw_video_003/raw_video_003_clip_0048.mp4,raw_video_003.mp4,train,day,clear,good,20.034,0,0,0
raw_video_003_clip_0049.mp4,clips/raw_video_003/raw_video_003_clip_0049.mp4,raw_video_003.mp4,train,day,clear,good,20.033,0,0,0
raw_video_003_clip_0053.mp4,clips/raw_video_003/raw_video_003_clip_0053.mp4,raw_video_003.mp4,train,day,clear,good,20.033,0,0,0
raw_video_003_clip_0054.mp4,clips/raw_video_003/raw_video_003_clip_0054.mp4,raw_video_003.mp4,train,day,clear,good,20.033,0,0,0
raw_video_003_clip_0056.mp4,clips/raw_video_003/raw_video_003_clip_0056.mp4,raw_video_003.mp4,train,day,shadow,good,20.033,1,0,0
raw_video_003_clip_0057.mp4,clips/raw_video_003/raw_video_003_clip_0057.mp4,raw_video_003.mp4,train,day,shadow,good,20.033,1,0,0
raw_video_003_clip_0059.mp4,clips/raw_video_003/raw_video_003_clip_0059.mp4,raw_video_003.mp4,train,day,shadow,good,19.032,1,0,0
raw_video_003_clip_0060.mp4,clips/raw_video_003/raw_video_003_clip_0060.mp4,raw_video_003.mp4,train,day,clear,good,20.034,0,0,0
raw_video_003_clip_0061.mp4,clips/raw_video_003/raw_video_003_clip_0061.mp4,raw_video_003.mp4,train,day,clear,good,20.033,1,0,0
raw_video_003_clip_0062.mp4,clips/raw_video_003/raw_video_003_clip_0062.mp4,raw_video_003.mp4,train,day,clear,good,20.032,1,0,0
raw_video_003_clip_0063.mp4,clips/raw_video_003/raw_video_003_clip_0063.mp4,raw_video_003.mp4,train,day,clear,good,20.035,0,0,0
raw_video_003_clip_0064.mp4,clips/raw_video_003/raw_video_003_clip_0064.mp4,raw_video_003.mp4,train,day,clear,good,20.034,1,0,0
raw_video_003_clip_0065.mp4,clips/raw_video_003/raw_video_003_clip_0065.mp4,raw_video_003.mp4,train,day,clear,good,20.034,0,0,0
raw_video_003_clip_0066.mp4,clips/raw_video_003/raw_video_003_clip_0066.mp4,raw_video_003.mp4,train,day,clear,good,20.033,1,0,0
raw_video_003_clip_0067.mp4,clips/raw_video_003/raw_video_003_clip_0067.mp4,raw_video_003.mp4,train,day,clear,good,20.033,0,0,0
raw_video_003_clip_0068.mp4,clips/raw_video_003/raw_video_003_clip_0068.mp4,raw_video_003.mp4,train,day,clear,good,20.033,1,0,0
raw_video_003_clip_0069.mp4,clips/raw_video_003/raw_video_003_clip_0069.mp4,raw_video_003.mp4,train,day,clear,good,20.033,0,0,0
raw_video_003_clip_0070.mp4,clips/raw_video_003/raw_video_003_clip_0070.mp4,raw_video_003.mp4,train,day,clear,good,20.033,0,0,0
raw_video_003_clip_0071.mp4,clips/raw_video_003/raw_video_003_clip_0071.mp4,raw_video_003.mp4,train,day,clear,good,20.035,1,0,0
raw_video_004_clip_0000.mp4,clips/raw_video_004/raw_video_004_clip_0000.mp4,raw_video_004.mp4,train,day,clear,good,20.033,0,0,0
raw_video_004_clip_0001.mp4,clips/raw_video_004/raw_video_004_clip_0001.mp4,raw_video_004.mp4,train,day,shadow,good,20.035,1,0,0
raw_video_004_clip_0002.mp4,clips/raw_video_004/raw_video_004_clip_0002.mp4,raw_video_004.mp4,train,day,shadow,good,20.034,1,0,0
raw_video_004_clip_0003.mp4,clips/raw_video_004/raw_video_004_clip_0003.mp4,raw_video_004.mp4,train,day,clear,good,20.033,0,0,0
raw_video_004_clip_0004.mp4,clips/raw_video_004/raw_video_004_clip_0004.mp4,raw_video_004.mp4,train,day,clear,good,20.033,1,0,0
raw_video_004_clip_0005.mp4,clips/raw_video_004/raw_video_004_clip_0005.mp4,raw_video_004.mp4,train,day,clear,good,20.033,0,0,0
raw_video_004_clip_0006.mp4,clips/raw_video_004/raw_video_004_clip_0006.mp4,raw_video_004.mp4,train,day,clear,good,20.033,0,0,0
raw_video_004_clip_0007.mp4,clips/raw_video_004/raw_video_004_clip_0007.mp4,raw_video_004.mp4,train,day,clear,good,20.035,0,0,0
raw_video_004_clip_0008.mp4,clips/raw_video_004/raw_video_004_clip_0008.mp4,raw_video_004.mp4,train,day,clear,good,20.034,0,0,0
raw_video_004_clip_0009.mp4,clips/raw_video_004/raw_video_004_clip_0009.mp4,raw_video_004.mp4,train,day,clear,good,20.033,0,0,0
raw_video_004_clip_0010.mp4,clips/raw_video_004/raw_video_004_clip_0010.mp4,raw_video_004.mp4,train,day,clear,good,20.034,0,0,0
raw_video_004_clip_0011.mp4,clips/raw_video_004/raw_video_004_clip_0011.mp4,raw_video_004.mp4,train,day,clear,good,20.033,1,0,0
raw_video_004_clip_0013.mp4,clips/raw_video_004/raw_video_004_clip_0013.mp4,raw_video_004.mp4,train,day,clear,good,20.033,1,0,0
raw_video_004_clip_0017.mp4,clips/raw_video_004/raw_video_004_clip_0017.mp4,raw_video_004.mp4,train,day,clear,good,20.033,1,0,0
raw_video_004_clip_0018.mp4,clips/raw_video_004/raw_video_004_clip_0018.mp4,raw_video_004.mp4,train,day,clear,good,20.033,0,0,0
raw_video_004_clip_0019.mp4,clips/raw_video_004/raw_video_004_clip_0019.mp4,raw_video_004.mp4,train,day,clear,good,20.034,1,0,0
raw_video_004_clip_0020.mp4,clips/raw_video_004/raw_video_004_clip_0020.mp4,raw_video_004.mp4,train,day,clear,good,20.033,0,0,0
raw_video_004_clip_0021.mp4,clips/raw_video_004/raw_video_004_clip_0021.mp4,raw_video_004.mp4,train,day,clear,good,20.034,0,0,0
raw_video_004_clip_0024.mp4,clips/raw_video_004/raw_video_004_clip_0024.mp4,raw_video_004.mp4,train,day,clear,good,20.033,1,0,0
raw_video_004_clip_0025.mp4,clips/raw_video_004/raw_video_004_clip_0025.mp4,raw_video_004.mp4,train,day,clear,good,20.033,0,0,0
raw_video_004_clip_0026.mp4,clips/raw_video_004/raw_video_004_clip_0026.mp4,raw_video_004.mp4,train,day,clear,good,19.033,1,0,0
raw_video_004_clip_0027.mp4,clips/raw_video_004/raw_video_004_clip_0027.mp4,raw_video_004.mp4,train,day,clear,good,20.034,1,0,0
raw_video_004_clip_0028.mp4,clips/raw_video_004/raw_video_004_clip_0028.mp4,raw_video_004.mp4,train,day,clear,good,20.034,0,0,0
raw_video_004_clip_0029.mp4,clips/raw_video_004/raw_video_004_clip_0029.mp4,raw_video_004.mp4,train,day,clear,good,20.033,1,0,0
raw_video_004_clip_0030.mp4,clips/raw_video_004/raw_video_004_clip_0030.mp4,raw_video_004.mp4,train,day,clear,good,20.032,1,0,0
raw_video_004_clip_0031.mp4,clips/raw_video_004/raw_video_004_clip_0031.mp4,raw_video_004.mp4,train,day,clear,good,20.035,0,0,0
raw_video_004_clip_0032.mp4,clips/raw_video_004/raw_video_004_clip_0032.mp4,raw_video_004.mp4,train,day,clear,good,20.033,0,0,0
raw_video_004_clip_0033.mp4,clips/raw_video_004/raw_video_004_clip_0033.mp4,raw_video_004.mp4,train,day,clear,good,20.034,0,0,0
raw_video_004_clip_0034.mp4,clips/raw_video_004/raw_video_004_clip_0034.mp4,raw_video_004.mp4,train,day,clear,good,20.034,0,0,0
raw_video_004_clip_0035.mp4,clips/raw_video_004/raw_video_004_clip_0035.mp4,raw_video_004.mp4,train,day,clear,good,20.034,1,0,0
raw_video_004_clip_0036.mp4,clips/raw_video_004/raw_video_004_clip_0036.mp4,raw_video_004.mp4,train,day,clear,good,20.033,1,0,0
raw_video_004_clip_0037.mp4,clips/raw_video_004/raw_video_004_clip_0037.mp4,raw_video_004.mp4,train,day,clear,good,20.034,0,0,0
raw_video_004_clip_0038.mp4,clips/raw_video_004/raw_video_004_clip_0038.mp4,raw_video_004.mp4,train,day,clear,good,20.033,1,0,0
raw_video_004_clip_0039.mp4,clips/raw_video_004/raw_video_004_clip_0039.mp4,raw_video_004.mp4,train,day,clear,good,20.033,0,0,0
raw_video_004_clip_0040.mp4,clips/raw_video_004/raw_video_004_clip_0040.mp4,raw_video_004.mp4,train,day,clear,good,20.034,0,0,0
raw_video_004_clip_0041.mp4,clips/raw_video_004/raw_video_004_clip_0041.mp4,raw_video_004.mp4,train,day,clear,good,20.034,0,0,0
raw_video_004_clip_0042.mp4,clips/raw_video_004/raw_video_004_clip_0042.mp4,raw_video_004.mp4,train,day,clear,good,20.033,0,0,0
raw_video_004_clip_0043.mp4,clips/raw_video_004/raw_video_004_clip_0043.mp4,raw_video_004.mp4,train,day,clear,good,20.034,0,0,0
raw_video_004_clip_0044.mp4,clips/raw_video_004/raw_video_004_clip_0044.mp4,raw_video_004.mp4,train,day,clear,good,20.033,1,0,0
raw_video_004_clip_0045.mp4,clips/raw_video_004/raw_video_004_clip_0045.mp4,raw_video_004.mp4,train,day,clear,good,20.033,0,0,0
raw_video_004_clip_0046.mp4,clips/raw_video_004/raw_video_004_clip_0046.mp4,raw_video_004.mp4,train,day,clear,good,20.033,0,0,0
raw_video_004_clip_0048.mp4,clips/raw_video_004/raw_video_004_clip_0048.mp4,raw_video_004.mp4,train,day,clear,good,20.034,0,0,0
raw_video_004_clip_0049.mp4,clips/raw_video_004/raw_video_004_clip_0049.mp4,raw_video_004.mp4,train,day,clear,good,20.034,0,0,0
raw_video_004_clip_0050.mp4,clips/raw_video_004/raw_video_004_clip_0050.mp4,raw_video_004.mp4,train,day,shadow,good,20.033,1,0,0
raw_video_004_clip_0051.mp4,clips/raw_video_004/raw_video_004_clip_0051.mp4,raw_video_004.mp4,train,day,shadow,good,20.033,1,0,0
raw_video_004_clip_0052.mp4,clips/raw_video_004/raw_video_004_clip_0052.mp4,raw_video_004.mp4,train,day,clear,good,20.034,0,0,0
raw_video_004_clip_0053.mp4,clips/raw_video_004/raw_video_004_clip_0053.mp4,raw_video_004.mp4,train,day,clear,good,20.035,1,0,0
raw_video_004_clip_0054.mp4,clips/raw_video_004/raw_video_004_clip_0054.mp4,raw_video_004.mp4,train,day,clear,good,20.033,0,0,0
raw_video_004_clip_0055.mp4,clips/raw_video_004/raw_video_004_clip_0055.mp4,raw_video_004.mp4,train,day,clear,good,20.033,0,0,0
raw_video_004_clip_0056.mp4,clips/raw_video_004/raw_video_004_clip_0056.mp4,raw_video_004.mp4,train,day,clear,good,19.032,0,0,0
raw_video_004_clip_0057.mp4,clips/raw_video_004/raw_video_004_clip_0057.mp4,raw_video_004.mp4,train,day,clear,good,20.034,0,0,0
raw_video_004_clip_0058.mp4,clips/raw_video_004/raw_video_004_clip_0058.mp4,raw_video_004.mp4,train,day,clear,good,20.033,0,0,0
raw_video_004_clip_0059.mp4,clips/raw_video_004/raw_video_004_clip_0059.mp4,raw_video_004.mp4,train,day,clear,good,20.034,0,0,0
raw_video_004_clip_0060.mp4,clips/raw_video_004/raw_video_004_clip_0060.mp4,raw_video_004.mp4,train,day,clear,good,20.033,1,0,0
raw_video_004_clip_0061.mp4,clips/raw_video_004/raw_video_004_clip_0061.mp4,raw_video_004.mp4,train,day,clear,good,20.033,1,0,0
raw_video_004_clip_0062.mp4,clips/raw_video_004/raw_video_004_clip_0062.mp4,raw_video_004.mp4,train,day,clear,good,20.032,1,0,0
raw_video_004_clip_0063.mp4,clips/raw_video_004/raw_video_004_clip_0063.mp4,raw_video_004.mp4,train,day,clear,good,20.034,0,0,0
raw_video_004_clip_0064.mp4,clips/raw_video_004/raw_video_004_clip_0064.mp4,raw_video_004.mp4,train,day,clear,good,20.034,1,0,0
raw_video_004_clip_0065.mp4,clips/raw_video_004/raw_video_004_clip_0065.mp4,raw_video_004.mp4,train,day,clear,good,20.034,0,0,0
raw_video_004_clip_0067.mp4,clips/raw_video_004/raw_video_004_clip_0067.mp4,raw_video_004.mp4,train,day,clear,good,20.033,1,0,0
raw_video_004_clip_0068.mp4,clips/raw_video_004/raw_video_004_clip_0068.mp4,raw_video_004.mp4,train,day,clear,good,20.033,0,0,0
raw_video_004_clip_0069.mp4,clips/raw_video_004/raw_video_004_clip_0069.mp4,raw_video_004.mp4,train,day,clear,good,20.033,0,0,0
raw_video_004_clip_0070.mp4,clips/raw_video_004/raw_video_004_clip_0070.mp4,raw_video_004.mp4,train,day,clear,good,20.034,0,0,0
raw_video_004_clip_0071.mp4,clips/raw_video_004/raw_video_004_clip_0071.mp4,raw_video_004.mp4,train,day,clear,good,20.032,1,0,0
raw_video_004_clip_0072.mp4,clips/raw_video_004/raw_video_004_clip_0072.mp4,raw_video_004.mp4,train,day,clear,good,20.036,0,0,0
raw_video_004_clip_0073.mp4,clips/raw_video_004/raw_video_004_clip_0073.mp4,raw_video_004.mp4,train,day,clear,good,20.033,1,0,0
raw_video_004_clip_0074.mp4,clips/raw_video_004/raw_video_004_clip_0074.mp4,raw_video_004.mp4,train,day,clear,good,20.033,0,0,0
raw_video_004_clip_0075.mp4,clips/raw_video_004/raw_video_004_clip_0075.mp4,raw_video_004.mp4,train,day,clear,good,20.032,0,0,0
raw_video_004_clip_0076.mp4,clips/raw_video_004/raw_video_004_clip_0076.mp4,raw_video_004.mp4,train,day,clear,good,20.036,0,0,0
raw_video_004_clip_0077.mp4,clips/raw_video_004/raw_video_004_clip_0077.mp4,raw_video_004.mp4,train,day,clear,good,20.033,0,0,0
raw_video_004_clip_0078.mp4,clips/raw_video_004/raw_video_004_clip_0078.mp4,raw_video_004.mp4,train,day,clear,good,20.033,1,0,0
raw_video_004_clip_0079.mp4,clips/raw_video_004/raw_video_004_clip_0079.mp4,raw_video_004.mp4,train,day,clear,good,20.033,0,0,0
raw_video_004_clip_0080.mp4,clips/raw_video_004/raw_video_004_clip_0080.mp4,raw_video_004.mp4,train,day,clear,good,20.033,0,0,0
raw_video_004_clip_0081.mp4,clips/raw_video_004/raw_video_004_clip_0081.mp4,raw_video_004.mp4,train,day,clear,good,20.033,0,0,0
raw_video_004_clip_0082.mp4,clips/raw_video_004/raw_video_004_clip_0082.mp4,raw_video_004.mp4,train,day,clear,good,20.033,1,0,0
raw_video_004_clip_0083.mp4,clips/raw_video_004/raw_video_004_clip_0083.mp4,raw_video_004.mp4,train,day,clear,good,20.034,0,0,0
raw_video_004_clip_0084.mp4,clips/raw_video_004/raw_video_004_clip_0084.mp4,raw_video_004.mp4,train,day,clear,good,20.033,0,0,0
raw_video_004_clip_0085.mp4,clips/raw_video_004/raw_video_004_clip_0085.mp4,raw_video_004.mp4,train,day,clear,good,20.034,0,0,0
raw_video_004_clip_0086.mp4,clips/raw_video_004/raw_video_004_clip_0086.mp4,raw_video_004.mp4,train,day,clear,good,19.025,0,0,0
raw_video_005_clip_0000.mp4,clips/raw_video_005/raw_video_005_clip_0000.mp4,raw_video_005.mp4,train,day,clear,good,20.034,1,0,0
raw_video_005_clip_0001.mp4,clips/raw_video_005/raw_video_005_clip_0001.mp4,raw_video_005.mp4,train,day,clear,good,20.034,1,0,0
raw_video_005_clip_0002.mp4,clips/raw_video_005/raw_video_005_clip_0002.mp4,raw_video_005.mp4,train,day,clear,good,20.033,1,0,0
raw_video_005_clip_0003.mp4,clips/raw_video_005/raw_video_005_clip_0003.mp4,raw_video_005.mp4,train,day,clear,good,20.034,1,0,0
raw_video_005_clip_0004.mp4,clips/raw_video_005/raw_video_005_clip_0004.mp4,raw_video_005.mp4,train,day,clear,good,20.033,1,0,0
raw_video_005_clip_0005.mp4,clips/raw_video_005/raw_video_005_clip_0005.mp4,raw_video_005.mp4,train,day,clear,good,20.034,1,0,0
raw_video_005_clip_0006.mp4,clips/raw_video_005/raw_video_005_clip_0006.mp4,raw_video_005.mp4,train,day,clear,good,20.033,1,0,0
raw_video_005_clip_0007.mp4,clips/raw_video_005/raw_video_005_clip_0007.mp4,raw_video_005.mp4,train,day,clear,good,20.033,1,0,0
raw_video_005_clip_0009.mp4,clips/raw_video_005/raw_video_005_clip_0009.mp4,raw_video_005.mp4,train,day,clear,good,20.033,1,0,0
raw_video_005_clip_0010.mp4,clips/raw_video_005/raw_video_005_clip_0010.mp4,raw_video_005.mp4,train,day,clear,good,20.033,1,0,0
raw_video_005_clip_0011.mp4,clips/raw_video_005/raw_video_005_clip_0011.mp4,raw_video_005.mp4,train,day,clear,good,20.033,1,0,0
raw_video_005_clip_0012.mp4,clips/raw_video_005/raw_video_005_clip_0012.mp4,raw_video_005.mp4,train,day,clear,good,20.034,1,0,0
raw_video_005_clip_0013.mp4,clips/raw_video_005/raw_video_005_clip_0013.mp4,raw_video_005.mp4,train,day,clear,good,20.033,1,0,0
raw_video_005_clip_0014.mp4,clips/raw_video_005/raw_video_005_clip_0014.mp4,raw_video_005.mp4,train,day,clear,good,20.034,1,0,0
raw_video_005_clip_0015.mp4,clips/raw_video_005/raw_video_005_clip_0015.mp4,raw_video_005.mp4,train,day,clear,good,20.033,1,0,0
raw_video_005_clip_0016.mp4,clips/raw_video_005/raw_video_005_clip_0016.mp4,raw_video_005.mp4,train,day,clear,good,20.033,1,0,0
raw_video_005_clip_0017.mp4,clips/raw_video_005/raw_video_005_clip_0017.mp4,raw_video_005.mp4,train,day,clear,good,20.033,1,0,0
raw_video_005_clip_0018.mp4,clips/raw_video_005/raw_video_005_clip_0018.mp4,raw_video_005.mp4,train,day,clear,good,20.033,1,0,0
raw_video_005_clip_0019.mp4,clips/raw_video_005/raw_video_005_clip_0019.mp4,raw_video_005.mp4,train,day,clear,good,20.033,1,0,0
raw_video_005_clip_0020.mp4,clips/raw_video_005/raw_video_005_clip_0020.mp4,raw_video_005.mp4,train,day,clear,good,20.033,1,0,0
raw_video_005_clip_0021.mp4,clips/raw_video_005/raw_video_005_clip_0021.mp4,raw_video_005.mp4,train,day,clear,good,20.033,1,0,0
raw_video_005_clip_0022.mp4,clips/raw_video_005/raw_video_005_clip_0022.mp4,raw_video_005.mp4,train,day,clear,good,20.033,1,0,0
raw_video_005_clip_0028.mp4,clips/raw_video_005/raw_video_005_clip_0028.mp4,raw_video_005.mp4,train,day,shadow,good,20.033,1,0,0
raw_video_005_clip_0029.mp4,clips/raw_video_005/raw_video_005_clip_0029.mp4,raw_video_005.mp4,train,day,clear,good,19.032,1,0,0
raw_video_005_clip_0030.mp4,clips/raw_video_005/raw_video_005_clip_0030.mp4,raw_video_005.mp4,train,day,clear,good,20.033,1,0,0
raw_video_006_clip_0000.mp4,clips/raw_video_006/raw_video_006_clip_0000.mp4,raw_video_006.mp4,val,day,clear,good,20.033,1,1,0
raw_video_006_clip_0001.mp4,clips/raw_video_006/raw_video_006_clip_0001.mp4,raw_video_006.mp4,val,day,clear,good,20.033,1,1,0
raw_video_006_clip_0002.mp4,clips/raw_video_006/raw_video_006_clip_0002.mp4,raw_video_006.mp4,val,day,clear,good,20.033,1,1,0
raw_video_006_clip_0003.mp4,clips/raw_video_006/raw_video_006_clip_0003.mp4,raw_video_006.mp4,val,day,clear,good,20.034,1,1,0
raw_video_006_clip_0005.mp4,clips/raw_video_006/raw_video_006_clip_0005.mp4,raw_video_006.mp4,val,day,shadow,good,20.033,1,1,0
raw_video_006_clip_0006.mp4,clips/raw_video_006/raw_video_006_clip_0006.mp4,raw_video_006.mp4,val,day,shadow,good,20.034,1,1,0
raw_video_006_clip_0007.mp4,clips/raw_video_006/raw_video_006_clip_0007.mp4,raw_video_006.mp4,val,day,shadow,good,20.033,1,1,0
raw_video_006_clip_0008.mp4,clips/raw_video_006/raw_video_006_clip_0008.mp4,raw_video_006.mp4,val,day,shadow,good,20.034,1,1,0
raw_video_006_clip_0009.mp4,clips/raw_video_006/raw_video_006_clip_0009.mp4,raw_video_006.mp4,val,day,clear,good,20.033,1,1,0
raw_video_006_clip_0010.mp4,clips/raw_video_006/raw_video_006_clip_0010.mp4,raw_video_006.mp4,val,day,shadow,good,20.032,1,1,0
raw_video_006_clip_0011.mp4,clips/raw_video_006/raw_video_006_clip_0011.mp4,raw_video_006.mp4,val,day,clear,good,20.036,1,1,0
raw_video_006_clip_0012.mp4,clips/raw_video_006/raw_video_006_clip_0012.mp4,raw_video_006.mp4,val,day,shadow,good,20.032,1,1,0
raw_video_007_clip_0000.mp4,clips/raw_video_007/raw_video_007_clip_0000.mp4,raw_video_007.mp4,train,day,blur,borderline,20.987,0,0,0
raw_video_007_clip_0001.mp4,clips/raw_video_007/raw_video_007_clip_0001.mp4,raw_video_007.mp4,train,day,blur,borderline,19.986,1,0,0
raw_video_007_clip_0002.mp4,clips/raw_video_007/raw_video_007_clip_0002.mp4,raw_video_007.mp4,train,day,blur,borderline,19.987,0,0,0
raw_video_007_clip_0003.mp4,clips/raw_video_007/raw_video_007_clip_0003.mp4,raw_video_007.mp4,train,day,blur,borderline,19.987,0,0,0
raw_video_007_clip_0004.mp4,clips/raw_video_007/raw_video_007_clip_0004.mp4,raw_video_007.mp4,train,day,blur,borderline,19.987,0,0,0
raw_video_007_clip_0005.mp4,clips/raw_video_007/raw_video_007_clip_0005.mp4,raw_video_007.mp4,train,day,blur,borderline,19.987,1,0,0
raw_video_007_clip_0006.mp4,clips/raw_video_007/raw_video_007_clip_0006.mp4,raw_video_007.mp4,train,day,blur,borderline,19.985,1,0,0
raw_video_007_clip_0007.mp4,clips/raw_video_007/raw_video_007_clip_0007.mp4,raw_video_007.mp4,train,day,blur,borderline,19.988,0,0,0
raw_video_007_clip_0008.mp4,clips/raw_video_007/raw_video_007_clip_0008.mp4,raw_video_007.mp4,train,day,blur,borderline,19.987,0,0,0
raw_video_007_clip_0009.mp4,clips/raw_video_007/raw_video_007_clip_0009.mp4,raw_video_007.mp4,train,day,blur,borderline,19.987,0,0,0
raw_video_007_clip_0010.mp4,clips/raw_video_007/raw_video_007_clip_0010.mp4,raw_video_007.mp4,train,day,blur,borderline,19.987,1,0,0
raw_video_007_clip_0011.mp4,clips/raw_video_007/raw_video_007_clip_0011.mp4,raw_video_007.mp4,train,day,blur,borderline,19.987,1,0,0
raw_video_007_clip_0012.mp4,clips/raw_video_007/raw_video_007_clip_0012.mp4,raw_video_007.mp4,train,day,blur,borderline,19.988,1,0,0
raw_video_007_clip_0013.mp4,clips/raw_video_007/raw_video_007_clip_0013.mp4,raw_video_007.mp4,train,day,blur,borderline,19.987,0,0,0
raw_video_007_clip_0014.mp4,clips/raw_video_007/raw_video_007_clip_0014.mp4,raw_video_007.mp4,train,day,blur,borderline,19.987,1,0,0
raw_video_007_clip_0015.mp4,clips/raw_video_007/raw_video_007_clip_0015.mp4,raw_video_007.mp4,train,day,blur,borderline,19.987,1,0,0
raw_video_007_clip_0016.mp4,clips/raw_video_007/raw_video_007_clip_0016.mp4,raw_video_007.mp4,train,day,blur,borderline,19.987,0,0,0
raw_video_007_clip_0017.mp4,clips/raw_video_007/raw_video_007_clip_0017.mp4,raw_video_007.mp4,train,day,blur,borderline,19.987,1,0,0
raw_video_007_clip_0018.mp4,clips/raw_video_007/raw_video_007_clip_0018.mp4,raw_video_007.mp4,train,day,blur,borderline,19.987,1,0,0
raw_video_007_clip_0019.mp4,clips/raw_video_007/raw_video_007_clip_0019.mp4,raw_video_007.mp4,train,day,blur,borderline,19.987,1,0,0
raw_video_007_clip_0020.mp4,clips/raw_video_007/raw_video_007_clip_0020.mp4,raw_video_007.mp4,train,day,blur,borderline,19.987,1,0,0
raw_video_007_clip_0021.mp4,clips/raw_video_007/raw_video_007_clip_0021.mp4,raw_video_007.mp4,train,day,blur,borderline,19.987,1,0,0
raw_video_007_clip_0022.mp4,clips/raw_video_007/raw_video_007_clip_0022.mp4,raw_video_007.mp4,train,day,blur,borderline,19.987,0,0,0
raw_video_007_clip_0023.mp4,clips/raw_video_007/raw_video_007_clip_0023.mp4,raw_video_007.mp4,train,day,blur,borderline,19.987,0,0,0
raw_video_007_clip_0024.mp4,clips/raw_video_007/raw_video_007_clip_0024.mp4,raw_video_007.mp4,train,day,blur,borderline,19.987,0,0,0
raw_video_007_clip_0025.mp4,clips/raw_video_007/raw_video_007_clip_0025.mp4,raw_video_007.mp4,train,day,blur,borderline,19.987,1,0,0
raw_video_007_clip_0026.mp4,clips/raw_video_007/raw_video_007_clip_0026.mp4,raw_video_007.mp4,train,day,blur,borderline,19.987,1,0,0
raw_video_007_clip_0027.mp4,clips/raw_video_007/raw_video_007_clip_0027.mp4,raw_video_007.mp4,train,day,blur,borderline,19.987,0,0,0
raw_video_007_clip_0028.mp4,clips/raw_video_007/raw_video_007_clip_0028.mp4,raw_video_007.mp4,train,day,blur,borderline,19.987,0,0,0
raw_video_007_clip_0029.mp4,clips/raw_video_007/raw_video_007_clip_0029.mp4,raw_video_007.mp4,train,day,blur,borderline,19.987,0,0,0
raw_video_007_clip_0030.mp4,clips/raw_video_007/raw_video_007_clip_0030.mp4,raw_video_007.mp4,train,day,blur,borderline,19.985,0,0,0
raw_video_007_clip_0031.mp4,clips/raw_video_007/raw_video_007_clip_0031.mp4,raw_video_007.mp4,train,day,blur,borderline,19.982,1,0,0
raw_video_007_clip_0032.mp4,clips/raw_video_007/raw_video_007_clip_0032.mp4,raw_video_007.mp4,train,day,blur,borderline,19.987,0,0,0
raw_video_007_clip_0037.mp4,clips/raw_video_007/raw_video_007_clip_0037.mp4,raw_video_007.mp4,train,day,blur,borderline,19.992,0,0,0
raw_video_007_clip_0038.mp4,clips/raw_video_007/raw_video_007_clip_0038.mp4,raw_video_007.mp4,train,day,blur,borderline,19.989,0,0,0
raw_video_007_clip_0039.mp4,clips/raw_video_007/raw_video_007_clip_0039.mp4,raw_video_007.mp4,train,day,blur,borderline,19.987,0,0,0
raw_video_007_clip_0040.mp4,clips/raw_video_007/raw_video_007_clip_0040.mp4,raw_video_007.mp4,train,day,blur,borderline,19.987,0,0,0
raw_video_007_clip_0041.mp4,clips/raw_video_007/raw_video_007_clip_0041.mp4,raw_video_007.mp4,train,day,blur,borderline,19.987,0,0,0
raw_video_007_clip_0042.mp4,clips/raw_video_007/raw_video_007_clip_0042.mp4,raw_video_007.mp4,train,day,blur,borderline,19.987,0,0,0
raw_video_007_clip_0043.mp4,clips/raw_video_007/raw_video_007_clip_0043.mp4,raw_video_007.mp4,train,day,blur,borderline,19.986,0,0,0
raw_video_007_clip_0044.mp4,clips/raw_video_007/raw_video_007_clip_0044.mp4,raw_video_007.mp4,train,day,blur,borderline,19.986,0,0,0
raw_video_007_clip_0045.mp4,clips/raw_video_007/raw_video_007_clip_0045.mp4,raw_video_007.mp4,train,day,blur,borderline,19.988,1,0,0
raw_video_007_clip_0046.mp4,clips/raw_video_007/raw_video_007_clip_0046.mp4,raw_video_007.mp4,train,day,blur,borderline,19.988,1,0,0
raw_video_007_clip_0047.mp4,clips/raw_video_007/raw_video_007_clip_0047.mp4,raw_video_007.mp4,train,day,blur,borderline,19.987,0,0,0
raw_video_007_clip_0048.mp4,clips/raw_video_007/raw_video_007_clip_0048.mp4,raw_video_007.mp4,train,day,blur,borderline,19.986,1,0,0
raw_video_007_clip_0049.mp4,clips/raw_video_007/raw_video_007_clip_0049.mp4,raw_video_007.mp4,train,day,blur,borderline,19.988,1,0,0
raw_video_007_clip_0050.mp4,clips/raw_video_007/raw_video_007_clip_0050.mp4,raw_video_007.mp4,train,day,blur,borderline,19.987,0,0,0
raw_video_007_clip_0051.mp4,clips/raw_video_007/raw_video_007_clip_0051.mp4,raw_video_007.mp4,train,day,blur,borderline,19.987,0,0,0
raw_video_007_clip_0052.mp4,clips/raw_video_007/raw_video_007_clip_0052.mp4,raw_video_007.mp4,train,day,blur,borderline,19.986,1,0,0
raw_video_007_clip_0053.mp4,clips/raw_video_007/raw_video_007_clip_0053.mp4,raw_video_007.mp4,train,day,blur,borderline,19.988,1,0,0
raw_video_007_clip_0054.mp4,clips/raw_video_007/raw_video_007_clip_0054.mp4,raw_video_007.mp4,train,day,blur,borderline,19.987,1,0,0
raw_video_007_clip_0055.mp4,clips/raw_video_007/raw_video_007_clip_0055.mp4,raw_video_007.mp4,train,day,blur,borderline,19.987,1,0,0
raw_video_007_clip_0056.mp4,clips/raw_video_007/raw_video_007_clip_0056.mp4,raw_video_007.mp4,train,day,blur,borderline,19.987,0,0,0
raw_video_007_clip_0057.mp4,clips/raw_video_007/raw_video_007_clip_0057.mp4,raw_video_007.mp4,train,day,blur,borderline,19.987,1,0,0
raw_video_007_clip_0058.mp4,clips/raw_video_007/raw_video_007_clip_0058.mp4,raw_video_007.mp4,train,day,blur,borderline,19.988,0,0,0
raw_video_007_clip_0059.mp4,clips/raw_video_007/raw_video_007_clip_0059.mp4,raw_video_007.mp4,train,day,blur,borderline,19.987,0,0,0
raw_video_007_clip_0060.mp4,clips/raw_video_007/raw_video_007_clip_0060.mp4,raw_video_007.mp4,train,day,blur,borderline,19.987,0,0,0
raw_video_007_clip_0061.mp4,clips/raw_video_007/raw_video_007_clip_0061.mp4,raw_video_007.mp4,train,day,blur,borderline,19.988,0,0,0
raw_video_007_clip_0062.mp4,clips/raw_video_007/raw_video_007_clip_0062.mp4,raw_video_007.mp4,train,day,blur,borderline,19.987,0,0,0
raw_video_007_clip_0063.mp4,clips/raw_video_007/raw_video_007_clip_0063.mp4,raw_video_007.mp4,train,day,blur,borderline,19.987,1,0,0
raw_video_007_clip_0064.mp4,clips/raw_video_007/raw_video_007_clip_0064.mp4,raw_video_007.mp4,train,day,blur,borderline,19.987,0,0,0
raw_video_007_clip_0065.mp4,clips/raw_video_007/raw_video_007_clip_0065.mp4,raw_video_007.mp4,train,day,blur,borderline,19.987,0,0,0
raw_video_007_clip_0067.mp4,clips/raw_video_007/raw_video_007_clip_0067.mp4,raw_video_007.mp4,train,day,blur,borderline,19.978,1,0,0
raw_video_007_clip_0075.mp4,clips/raw_video_007/raw_video_007_clip_0075.mp4,raw_video_007.mp4,train,day,blur,borderline,19.988,1,0,0
raw_video_007_clip_0076.mp4,clips/raw_video_007/raw_video_007_clip_0076.mp4,raw_video_007.mp4,train,day,blur,borderline,20.985,1,0,0
raw_video_007_clip_0077.mp4,clips/raw_video_007/raw_video_007_clip_0077.mp4,raw_video_007.mp4,train,day,blur,borderline,19.986,0,0,0
raw_video_007_clip_0078.mp4,clips/raw_video_007/raw_video_007_clip_0078.mp4,raw_video_007.mp4,train,day,blur,borderline,19.987,0,0,0
raw_video_007_clip_0079.mp4,clips/raw_video_007/raw_video_007_clip_0079.mp4,raw_video_007.mp4,train,day,blur,borderline,19.986,0,0,0
raw_video_007_clip_0080.mp4,clips/raw_video_007/raw_video_007_clip_0080.mp4,raw_video_007.mp4,train,day,blur,borderline,19.989,0,0,0
raw_video_007_clip_0081.mp4,clips/raw_video_007/raw_video_007_clip_0081.mp4,raw_video_007.mp4,train,day,blur,borderline,19.968,0,0,0
raw_video_007_clip_0082.mp4,clips/raw_video_007/raw_video_007_clip_0082.mp4,raw_video_007.mp4,train,day,blur,borderline,8.594,0,0,0
raw_video_008_clip_0000.mp4,clips/raw_video_008/raw_video_008_clip_0000.mp4,raw_video_008.mp4,test,day,blur,borderline,20.985,1,0,0
raw_video_008_clip_0001.mp4,clips/raw_video_008/raw_video_008_clip_0001.mp4,raw_video_008.mp4,test,day,blur,borderline,19.987,1,0,0
raw_video_008_clip_0002.mp4,clips/raw_video_008/raw_video_008_clip_0002.mp4,raw_video_008.mp4,test,day,blur,borderline,19.989,1,0,0
raw_video_008_clip_0003.mp4,clips/raw_video_008/raw_video_008_clip_0003.mp4,raw_video_008.mp4,test,day,blur,borderline,19.988,1,0,0
raw_video_008_clip_0004.mp4,clips/raw_video_008/raw_video_008_clip_0004.mp4,raw_video_008.mp4,test,day,blur,borderline,19.987,1,0,0
raw_video_008_clip_0005.mp4,clips/raw_video_008/raw_video_008_clip_0005.mp4,raw_video_008.mp4,test,day,blur,borderline,19.987,1,0,0
raw_video_008_clip_0006.mp4,clips/raw_video_008/raw_video_008_clip_0006.mp4,raw_video_008.mp4,test,day,blur,borderline,19.987,1,0,0
raw_video_008_clip_0007.mp4,clips/raw_video_008/raw_video_008_clip_0007.mp4,raw_video_008.mp4,test,day,blur,borderline,19.982,1,0,0
raw_video_008_clip_0008.mp4,clips/raw_video_008/raw_video_008_clip_0008.mp4,raw_video_008.mp4,test,day,blur,borderline,19.99,1,0,0
raw_video_008_clip_0009.mp4,clips/raw_video_008/raw_video_008_clip_0009.mp4,raw_video_008.mp4,test,day,blur,borderline,19.987,1,0,0
raw_video_008_clip_0010.mp4,clips/raw_video_008/raw_video_008_clip_0010.mp4,raw_video_008.mp4,test,day,blur,borderline,19.988,1,0,0
raw_video_008_clip_0011.mp4,clips/raw_video_008/raw_video_008_clip_0011.mp4,raw_video_008.mp4,test,day,blur,borderline,19.987,1,0,0
raw_video_008_clip_0012.mp4,clips/raw_video_008/raw_video_008_clip_0012.mp4,raw_video_008.mp4,test,day,blur,borderline,19.987,1,0,0
raw_video_008_clip_0013.mp4,clips/raw_video_008/raw_video_008_clip_0013.mp4,raw_video_008.mp4,test,day,blur,borderline,19.988,1,0,0
raw_video_008_clip_0022.mp4,clips/raw_video_008/raw_video_008_clip_0022.mp4,raw_video_008.mp4,test,day,blur,borderline,19.987,1,0,0
raw_video_008_clip_0023.mp4,clips/raw_video_008/raw_video_008_clip_0023.mp4,raw_video_008.mp4,test,day,blur,borderline,19.987,1,0,0
raw_video_008_clip_0024.mp4,clips/raw_video_008/raw_video_008_clip_0024.mp4,raw_video_008.mp4,test,day,blur,borderline,19.987,1,0,0
raw_video_008_clip_0025.mp4,clips/raw_video_008/raw_video_008_clip_0025.mp4,raw_video_008.mp4,test,day,blur,borderline,19.987,1,0,0
raw_video_008_clip_0026.mp4,clips/raw_video_008/raw_video_008_clip_0026.mp4,raw_video_008.mp4,test,day,blur,borderline,19.987,1,0,0
raw_video_008_clip_0027.mp4,clips/raw_video_008/raw_video_008_clip_0027.mp4,raw_video_008.mp4,test,day,blur,borderline,19.987,1,0,0
raw_video_008_clip_0028.mp4,clips/raw_video_008/raw_video_008_clip_0028.mp4,raw_video_008.mp4,test,day,blur,borderline,19.986,1,0,0
raw_video_008_clip_0029.mp4,clips/raw_video_008/raw_video_008_clip_0029.mp4,raw_video_008.mp4,test,day,blur,borderline,19.987,1,0,0
raw_video_008_clip_0030.mp4,clips/raw_video_008/raw_video_008_clip_0030.mp4,raw_video_008.mp4,test,day,blur,borderline,19.984,1,0,0
raw_video_008_clip_0031.mp4,clips/raw_video_008/raw_video_008_clip_0031.mp4,raw_video_008.mp4,test,day,blur,borderline,19.987,1,0,0
raw_video_008_clip_0032.mp4,clips/raw_video_008/raw_video_008_clip_0032.mp4,raw_video_008.mp4,test,day,blur,borderline,19.986,1,0,0
raw_video_008_clip_0033.mp4,clips/raw_video_008/raw_video_008_clip_0033.mp4,raw_video_008.mp4,test,day,blur,borderline,19.991,1,0,0
raw_video_008_clip_0034.mp4,clips/raw_video_008/raw_video_008_clip_0034.mp4,raw_video_008.mp4,test,day,blur,borderline,19.986,1,0,0
raw_video_009_clip_0001.mp4,clips/raw_video_009/raw_video_009_clip_0001.mp4,raw_video_009.mp4,train,day,clear,good,20.033,0,0,0
raw_video_009_clip_0002.mp4,clips/raw_video_009/raw_video_009_clip_0002.mp4,raw_video_009.mp4,train,day,clear,good,20.033,1,0,0
raw_video_009_clip_0003.mp4,clips/raw_video_009/raw_video_009_clip_0003.mp4,raw_video_009.mp4,train,day,clear,good,20.037,0,0,0
raw_video_009_clip_0005.mp4,clips/raw_video_009/raw_video_009_clip_0005.mp4,raw_video_009.mp4,train,day,clear,good,20.033,0,0,0
raw_video_009_clip_0006.mp4,clips/raw_video_009/raw_video_009_clip_0006.mp4,raw_video_009.mp4,train,day,clear,good,20.03,0,0,0
raw_video_009_clip_0007.mp4,clips/raw_video_009/raw_video_009_clip_0007.mp4,raw_video_009.mp4,train,day,clear,good,20.036,0,0,0
raw_video_009_clip_0008.mp4,clips/raw_video_009/raw_video_009_clip_0008.mp4,raw_video_009.mp4,train,day,clear,good,20.033,0,0,0
raw_video_009_clip_0009.mp4,clips/raw_video_009/raw_video_009_clip_0009.mp4,raw_video_009.mp4,train,day,clear,good,20.036,0,0,0
raw_video_009_clip_0010.mp4,clips/raw_video_009/raw_video_009_clip_0010.mp4,raw_video_009.mp4,train,day,clear,good,20.03,0,0,0
raw_video_009_clip_0011.mp4,clips/raw_video_009/raw_video_009_clip_0011.mp4,raw_video_009.mp4,train,day,clear,good,20.032,0,0,0
raw_video_009_clip_0012.mp4,clips/raw_video_009/raw_video_009_clip_0012.mp4,raw_video_009.mp4,train,day,clear,good,20.035,1,0,0
raw_video_009_clip_0013.mp4,clips/raw_video_009/raw_video_009_clip_0013.mp4,raw_video_009.mp4,train,day,clear,good,20.032,1,0,0
raw_video_009_clip_0014.mp4,clips/raw_video_009/raw_video_009_clip_0014.mp4,raw_video_009.mp4,train,day,clear,good,20.033,1,0,0
raw_video_009_clip_0015.mp4,clips/raw_video_009/raw_video_009_clip_0015.mp4,raw_video_009.mp4,train,day,clear,good,20.034,0,0,0
raw_video_009_clip_0016.mp4,clips/raw_video_009/raw_video_009_clip_0016.mp4,raw_video_009.mp4,train,day,clear,good,20.035,0,0,0
raw_video_009_clip_0017.mp4,clips/raw_video_009/raw_video_009_clip_0017.mp4,raw_video_009.mp4,train,day,clear,good,20.032,1,0,0
raw_video_009_clip_0019.mp4,clips/raw_video_009/raw_video_009_clip_0019.mp4,raw_video_009.mp4,train,day,clear,good,20.034,1,0,0
raw_video_009_clip_0020.mp4,clips/raw_video_009/raw_video_009_clip_0020.mp4,raw_video_009.mp4,train,day,clear,good,20.022,0,0,0
raw_video_009_clip_0022.mp4,clips/raw_video_009/raw_video_009_clip_0022.mp4,raw_video_009.mp4,train,day,clear,good,20.033,0,0,0
raw_video_009_clip_0023.mp4,clips/raw_video_009/raw_video_009_clip_0023.mp4,raw_video_009.mp4,train,day,clear,good,20.035,0,0,0
raw_video_009_clip_0024.mp4,clips/raw_video_009/raw_video_009_clip_0024.mp4,raw_video_009.mp4,train,day,clear,good,20.033,0,0,0
raw_video_009_clip_0025.mp4,clips/raw_video_009/raw_video_009_clip_0025.mp4,raw_video_009.mp4,train,day,clear,good,20.033,1,0,0
raw_video_009_clip_0027.mp4,clips/raw_video_009/raw_video_009_clip_0027.mp4,raw_video_009.mp4,train,day,clear,good,20.034,0,0,0
raw_video_009_clip_0028.mp4,clips/raw_video_009/raw_video_009_clip_0028.mp4,raw_video_009.mp4,train,day,clear,good,20.034,0,0,0
raw_video_009_clip_0032.mp4,clips/raw_video_009/raw_video_009_clip_0032.mp4,raw_video_009.mp4,train,day,clear,good,20.035,0,0,0
raw_video_009_clip_0033.mp4,clips/raw_video_009/raw_video_009_clip_0033.mp4,raw_video_009.mp4,train,day,clear,good,20.031,1,0,0
raw_video_009_clip_0034.mp4,clips/raw_video_009/raw_video_009_clip_0034.mp4,raw_video_009.mp4,train,day,clear,good,20.035,0,0,0
raw_video_009_clip_0035.mp4,clips/raw_video_009/raw_video_009_clip_0035.mp4,raw_video_009.mp4,train,day,clear,good,20.03,1,0,0
raw_video_009_clip_0036.mp4,clips/raw_video_009/raw_video_009_clip_0036.mp4,raw_video_009.mp4,train,day,clear,good,20.036,0,0,0
raw_video_009_clip_0037.mp4,clips/raw_video_009/raw_video_009_clip_0037.mp4,raw_video_009.mp4,train,day,clear,good,20.036,0,0,0
raw_video_009_clip_0038.mp4,clips/raw_video_009/raw_video_009_clip_0038.mp4,raw_video_009.mp4,train,day,clear,good,20.035,0,0,0
raw_video_009_clip_0040.mp4,clips/raw_video_009/raw_video_009_clip_0040.mp4,raw_video_009.mp4,train,day,clear,good,20.034,0,0,0
raw_video_009_clip_0041.mp4,clips/raw_video_009/raw_video_009_clip_0041.mp4,raw_video_009.mp4,train,day,clear,good,20.033,0,0,0
raw_video_009_clip_0042.mp4,clips/raw_video_009/raw_video_009_clip_0042.mp4,raw_video_009.mp4,train,day,clear,good,20.033,0,0,0
raw_video_009_clip_0044.mp4,clips/raw_video_009/raw_video_009_clip_0044.mp4,raw_video_009.mp4,train,day,clear,good,20.033,0,0,0
raw_video_009_clip_0045.mp4,clips/raw_video_009/raw_video_009_clip_0045.mp4,raw_video_009.mp4,train,day,clear,good,20.033,1,0,0
raw_video_009_clip_0046.mp4,clips/raw_video_009/raw_video_009_clip_0046.mp4,raw_video_009.mp4,train,day,clear,good,20.033,0,0,0
raw_video_009_clip_0047.mp4,clips/raw_video_009/raw_video_009_clip_0047.mp4,raw_video_009.mp4,train,day,clear,good,20.034,1,0,0
raw_video_009_clip_0048.mp4,clips/raw_video_009/raw_video_009_clip_0048.mp4,raw_video_009.mp4,train,day,clear,good,20.033,1,0,0
raw_video_009_clip_0049.mp4,clips/raw_video_009/raw_video_009_clip_0049.mp4,raw_video_009.mp4,train,day,clear,good,20.033,1,0,0
raw_video_009_clip_0050.mp4,clips/raw_video_009/raw_video_009_clip_0050.mp4,raw_video_009.mp4,train,day,clear,good,20.035,0,0,0
raw_video_009_clip_0051.mp4,clips/raw_video_009/raw_video_009_clip_0051.mp4,raw_video_009.mp4,train,day,clear,good,20.033,0,0,0
raw_video_009_clip_0052.mp4,clips/raw_video_009/raw_video_009_clip_0052.mp4,raw_video_009.mp4,train,day,clear,good,20.03,0,0,0
raw_video_009_clip_0053.mp4,clips/raw_video_009/raw_video_009_clip_0053.mp4,raw_video_009.mp4,train,day,clear,good,20.033,0,0,0
raw_video_009_clip_0054.mp4,clips/raw_video_009/raw_video_009_clip_0054.mp4,raw_video_009.mp4,train,day,shadow,good,20.033,1,0,0
raw_video_009_clip_0055.mp4,clips/raw_video_009/raw_video_009_clip_0055.mp4,raw_video_009.mp4,train,day,clear,good,20.035,0,0,0
raw_video_009_clip_0056.mp4,clips/raw_video_009/raw_video_009_clip_0056.mp4,raw_video_009.mp4,train,day,clear,good,20.034,0,0,0
raw_video_009_clip_0057.mp4,clips/raw_video_009/raw_video_009_clip_0057.mp4,raw_video_009.mp4,train,day,clear,good,20.033,1,0,0
raw_video_009_clip_0058.mp4,clips/raw_video_009/raw_video_009_clip_0058.mp4,raw_video_009.mp4,train,day,clear,good,20.033,0,0,0
raw_video_009_clip_0059.mp4,clips/raw_video_009/raw_video_009_clip_0059.mp4,raw_video_009.mp4,train,day,clear,good,20.034,0,0,0
raw_video_009_clip_0060.mp4,clips/raw_video_009/raw_video_009_clip_0060.mp4,raw_video_009.mp4,train,day,clear,good,19.035,1,0,0
raw_video_009_clip_0061.mp4,clips/raw_video_009/raw_video_009_clip_0061.mp4,raw_video_009.mp4,train,day,clear,good,20.034,1,0,0
raw_video_009_clip_0062.mp4,clips/raw_video_009/raw_video_009_clip_0062.mp4,raw_video_009.mp4,train,day,clear,good,20.034,1,0,0
raw_video_009_clip_0063.mp4,clips/raw_video_009/raw_video_009_clip_0063.mp4,raw_video_009.mp4,train,day,clear,good,20.033,1,0,0
raw_video_009_clip_0064.mp4,clips/raw_video_009/raw_video_009_clip_0064.mp4,raw_video_009.mp4,train,day,clear,good,20.033,1,0,0
raw_video_009_clip_0065.mp4,clips/raw_video_009/raw_video_009_clip_0065.mp4,raw_video_009.mp4,train,day,clear,good,20.033,1,0,0
raw_video_009_clip_0066.mp4,clips/raw_video_009/raw_video_009_clip_0066.mp4,raw_video_009.mp4,train,day,clear,good,20.034,0,0,0
raw_video_009_clip_0067.mp4,clips/raw_video_009/raw_video_009_clip_0067.mp4,raw_video_009.mp4,train,day,clear,good,20.033,0,0,0
raw_video_009_clip_0068.mp4,clips/raw_video_009/raw_video_009_clip_0068.mp4,raw_video_009.mp4,train,day,clear,good,20.032,0,0,0
raw_video_009_clip_0069.mp4,clips/raw_video_009/raw_video_009_clip_0069.mp4,raw_video_009.mp4,train,day,clear,good,20.035,1,0,0
raw_video_009_clip_0070.mp4,clips/raw_video_009/raw_video_009_clip_0070.mp4,raw_video_009.mp4,train,day,clear,good,20.033,0,0,0
raw_video_009_clip_0071.mp4,clips/raw_video_009/raw_video_009_clip_0071.mp4,raw_video_009.mp4,train,day,clear,good,20.034,0,0,0
raw_video_009_clip_0072.mp4,clips/raw_video_009/raw_video_009_clip_0072.mp4,raw_video_009.mp4,train,day,clear,good,20.033,0,0,0
raw_video_009_clip_0073.mp4,clips/raw_video_009/raw_video_009_clip_0073.mp4,raw_video_009.mp4,train,day,clear,good,20.033,0,0,0
raw_video_009_clip_0074.mp4,clips/raw_video_009/raw_video_009_clip_0074.mp4,raw_video_009.mp4,train,day,clear,good,20.033,0,0,0
raw_video_009_clip_0075.mp4,clips/raw_video_009/raw_video_009_clip_0075.mp4,raw_video_009.mp4,train,day,clear,good,20.034,0,0,0
raw_video_009_clip_0076.mp4,clips/raw_video_009/raw_video_009_clip_0076.mp4,raw_video_009.mp4,train,day,clear,good,20.034,0,0,0
raw_video_009_clip_0077.mp4,clips/raw_video_009/raw_video_009_clip_0077.mp4,raw_video_009.mp4,train,day,clear,good,20.03,1,0,0
raw_video_009_clip_0079.mp4,clips/raw_video_009/raw_video_009_clip_0079.mp4,raw_video_009.mp4,train,day,clear,good,20.033,1,0,0
raw_video_009_clip_0080.mp4,clips/raw_video_009/raw_video_009_clip_0080.mp4,raw_video_009.mp4,train,day,clear,good,20.033,0,0,0
raw_video_009_clip_0081.mp4,clips/raw_video_009/raw_video_009_clip_0081.mp4,raw_video_009.mp4,train,day,clear,good,20.035,1,0,0
raw_video_009_clip_0082.mp4,clips/raw_video_009/raw_video_009_clip_0082.mp4,raw_video_009.mp4,train,day,clear,good,20.03,1,0,0
raw_video_009_clip_0083.mp4,clips/raw_video_009/raw_video_009_clip_0083.mp4,raw_video_009.mp4,train,day,clear,good,20.023,0,0,0
raw_video_009_clip_0084.mp4,clips/raw_video_009/raw_video_009_clip_0084.mp4,raw_video_009.mp4,train,day,clear,good,20.033,0,0,0
raw_video_009_clip_0085.mp4,clips/raw_video_009/raw_video_009_clip_0085.mp4,raw_video_009.mp4,train,day,clear,good,20.033,0,0,0
raw_video_009_clip_0086.mp4,clips/raw_video_009/raw_video_009_clip_0086.mp4,raw_video_009.mp4,train,day,clear,good,20.033,1,0,0
raw_video_009_clip_0087.mp4,clips/raw_video_009/raw_video_009_clip_0087.mp4,raw_video_009.mp4,train,day,clear,good,20.033,0,0,0
raw_video_009_clip_0088.mp4,clips/raw_video_009/raw_video_009_clip_0088.mp4,raw_video_009.mp4,train,day,clear,good,20.034,0,0,0
raw_video_009_clip_0089.mp4,clips/raw_video_009/raw_video_009_clip_0089.mp4,raw_video_009.mp4,train,day,clear,good,20.044,0,0,0
raw_video_009_clip_0090.mp4,clips/raw_video_009/raw_video_009_clip_0090.mp4,raw_video_009.mp4,train,day,clear,good,19.022,1,0,0
raw_video_009_clip_0091.mp4,clips/raw_video_009/raw_video_009_clip_0091.mp4,raw_video_009.mp4,train,day,clear,good,20.033,0,0,0
raw_video_009_clip_0092.mp4,clips/raw_video_009/raw_video_009_clip_0092.mp4,raw_video_009.mp4,train,day,clear,good,20.034,0,0,0
raw_video_009_clip_0093.mp4,clips/raw_video_009/raw_video_009_clip_0093.mp4,raw_video_009.mp4,train,day,clear,good,20.034,0,0,0
raw_video_009_clip_0094.mp4,clips/raw_video_009/raw_video_009_clip_0094.mp4,raw_video_009.mp4,train,day,clear,good,20.033,0,0,0
raw_video_009_clip_0095.mp4,clips/raw_video_009/raw_video_009_clip_0095.mp4,raw_video_009.mp4,train,day,clear,good,20.033,0,0,0
raw_video_010_clip_0000.mp4,clips/raw_video_010/raw_video_010_clip_0000.mp4,raw_video_010.mp4,val,evening,clear,good,20.033,1,0,0
raw_video_010_clip_0001.mp4,clips/raw_video_010/raw_video_010_clip_0001.mp4,raw_video_010.mp4,val,evening,clear,good,20.033,1,0,0
raw_video_010_clip_0002.mp4,clips/raw_video_010/raw_video_010_clip_0002.mp4,raw_video_010.mp4,val,evening,clear,good,20.033,1,0,0
raw_video_010_clip_0003.mp4,clips/raw_video_010/raw_video_010_clip_0003.mp4,raw_video_010.mp4,val,evening,clear,good,20.033,1,0,0
raw_video_010_clip_0004.mp4,clips/raw_video_010/raw_video_010_clip_0004.mp4,raw_video_010.mp4,val,evening,clear,good,20.033,1,0,0
raw_video_010_clip_0005.mp4,clips/raw_video_010/raw_video_010_clip_0005.mp4,raw_video_010.mp4,val,evening,clear,good,20.033,1,0,0
raw_video_010_clip_0017.mp4,clips/raw_video_010/raw_video_010_clip_0017.mp4,raw_video_010.mp4,val,evening,clear,good,20.033,1,0,0
raw_video_010_clip_0018.mp4,clips/raw_video_010/raw_video_010_clip_0018.mp4,raw_video_010.mp4,val,evening,clear,good,20.043,0,0,0
raw_video_010_clip_0019.mp4,clips/raw_video_010/raw_video_010_clip_0019.mp4,raw_video_010.mp4,val,evening,clear,good,20.033,0,0,0
raw_video_010_clip_0020.mp4,clips/raw_video_010/raw_video_010_clip_0020.mp4,raw_video_010.mp4,val,evening,clear,good,20.023,1,0,0
raw_video_010_clip_0021.mp4,clips/raw_video_010/raw_video_010_clip_0021.mp4,raw_video_010.mp4,val,evening,clear,good,20.033,1,0,0
raw_video_010_clip_0022.mp4,clips/raw_video_010/raw_video_010_clip_0022.mp4,raw_video_010.mp4,val,evening,clear,good,20.043,0,0,0
raw_video_010_clip_0023.mp4,clips/raw_video_010/raw_video_010_clip_0023.mp4,raw_video_010.mp4,val,evening,clear,good,20.033,0,0,0
raw_video_010_clip_0024.mp4,clips/raw_video_010/raw_video_010_clip_0024.mp4,raw_video_010.mp4,val,evening,clear,good,20.033,1,0,0
raw_video_010_clip_0025.mp4,clips/raw_video_010/raw_video_010_clip_0025.mp4,raw_video_010.mp4,val,evening,clear,good,20.033,1,0,0
raw_video_010_clip_0026.mp4,clips/raw_video_010/raw_video_010_clip_0026.mp4,raw_video_010.mp4,val,evening,clear,good,20.023,1,0,0
raw_video_010_clip_0027.mp4,clips/raw_video_010/raw_video_010_clip_0027.mp4,raw_video_010.mp4,val,evening,clear,good,20.044,1,0,0
raw_video_010_clip_0028.mp4,clips/raw_video_010/raw_video_010_clip_0028.mp4,raw_video_010.mp4,val,evening,clear,good,20.024,1,0,0
raw_video_010_clip_0029.mp4,clips/raw_video_010/raw_video_010_clip_0029.mp4,raw_video_010.mp4,val,evening,clear,good,20.043,1,0,0
raw_video_010_clip_0030.mp4,clips/raw_video_010/raw_video_010_clip_0030.mp4,raw_video_010.mp4,val,evening,clear,good,19.022,0,0,0
raw_video_010_clip_0031.mp4,clips/raw_video_010/raw_video_010_clip_0031.mp4,raw_video_010.mp4,val,evening,clear,good,20.023,0,0,0
raw_video_010_clip_0032.mp4,clips/raw_video_010/raw_video_010_clip_0032.mp4,raw_video_010.mp4,val,evening,clear,good,20.053,1,0,0
raw_video_010_clip_0033.mp4,clips/raw_video_010/raw_video_010_clip_0033.mp4,raw_video_010.mp4,val,evening,clear,good,20.033,0,0,0
raw_video_010_clip_0034.mp4,clips/raw_video_010/raw_video_010_clip_0034.mp4,raw_video_010.mp4,val,evening,clear,good,20.023,1,0,0
raw_video_010_clip_0035.mp4,clips/raw_video_010/raw_video_010_clip_0035.mp4,raw_video_010.mp4,val,evening,clear,good,20.033,1,0,0
raw_video_010_clip_0036.mp4,clips/raw_video_010/raw_video_010_clip_0036.mp4,raw_video_010.mp4,val,evening,glare,borderline,20.033,1,0,0
raw_video_010_clip_0037.mp4,clips/raw_video_010/raw_video_010_clip_0037.mp4,raw_video_010.mp4,val,evening,clear,good,20.023,1,0,0
raw_video_010_clip_0038.mp4,clips/raw_video_010/raw_video_010_clip_0038.mp4,raw_video_010.mp4,val,evening,clear,good,20.043,1,0,0
raw_video_010_clip_0039.mp4,clips/raw_video_010/raw_video_010_clip_0039.mp4,raw_video_010.mp4,val,evening,clear,good,20.033,0,0,0
raw_video_010_clip_0040.mp4,clips/raw_video_010/raw_video_010_clip_0040.mp4,raw_video_010.mp4,val,evening,clear,good,20.033,1,0,0
raw_video_010_clip_0041.mp4,clips/raw_video_010/raw_video_010_clip_0041.mp4,raw_video_010.mp4,val,evening,clear,good,20.033,1,0,0
raw_video_010_clip_0042.mp4,clips/raw_video_010/raw_video_010_clip_0042.mp4,raw_video_010.mp4,val,evening,clear,good,20.033,1,0,0
raw_video_010_clip_0043.mp4,clips/raw_video_010/raw_video_010_clip_0043.mp4,raw_video_010.mp4,val,evening,clear,good,20.033,1,0,0
raw_video_010_clip_0044.mp4,clips/raw_video_010/raw_video_010_clip_0044.mp4,raw_video_010.mp4,val,evening,clear,good,20.023,1,0,0
raw_video_010_clip_0045.mp4,clips/raw_video_010/raw_video_010_clip_0045.mp4,raw_video_010.mp4,val,evening,clear,good,20.043,0,0,0
raw_video_010_clip_0046.mp4,clips/raw_video_010/raw_video_010_clip_0046.mp4,raw_video_010.mp4,val,evening,clear,good,20.033,0,0,0
raw_video_010_clip_0047.mp4,clips/raw_video_010/raw_video_010_clip_0047.mp4,raw_video_010.mp4,val,evening,clear,good,20.023,1,0,0
raw_video_010_clip_0048.mp4,clips/raw_video_010/raw_video_010_clip_0048.mp4,raw_video_010.mp4,val,evening,clear,good,20.033,0,0,0
raw_video_010_clip_0049.mp4,clips/raw_video_010/raw_video_010_clip_0049.mp4,raw_video_010.mp4,val,evening,clear,good,20.033,1,0,0
raw_video_010_clip_0050.mp4,clips/raw_video_010/raw_video_010_clip_0050.mp4,raw_video_010.mp4,val,evening,clear,good,20.033,1,0,0
raw_video_011_clip_0001.mp4,clips/raw_video_011/raw_video_011_clip_0001.mp4,raw_video_011.mp4,train,night,clear,good,20.074,0,0,0
raw_video_011_clip_0002.mp4,clips/raw_video_011/raw_video_011_clip_0002.mp4,raw_video_011.mp4,train,night,clear,good,20.069,0,0,0
raw_video_011_clip_0003.mp4,clips/raw_video_011/raw_video_011_clip_0003.mp4,raw_video_011.mp4,train,night,clear,good,20.033,0,0,0
raw_video_011_clip_0004.mp4,clips/raw_video_011/raw_video_011_clip_0004.mp4,raw_video_011.mp4,train,night,clear,good,20.033,0,0,0
raw_video_011_clip_0005.mp4,clips/raw_video_011/raw_video_011_clip_0005.mp4,raw_video_011.mp4,train,night,clear,good,20.038,1,0,0
raw_video_011_clip_0006.mp4,clips/raw_video_011/raw_video_011_clip_0006.mp4,raw_video_011.mp4,train,night,clear,good,20.033,1,0,0
raw_video_011_clip_0007.mp4,clips/raw_video_011/raw_video_011_clip_0007.mp4,raw_video_011.mp4,train,night,clear,good,20.09,0,0,0
raw_video_011_clip_0008.mp4,clips/raw_video_011/raw_video_011_clip_0008.mp4,raw_video_011.mp4,train,night,clear,good,20.102,0,0,0
raw_video_011_clip_0009.mp4,clips/raw_video_011/raw_video_011_clip_0009.mp4,raw_video_011.mp4,train,night,clear,good,20.061,0,0,0
raw_video_011_clip_0010.mp4,clips/raw_video_011/raw_video_011_clip_0010.mp4,raw_video_011.mp4,train,night,glare,good,20.077,1,0,0
raw_video_011_clip_0011.mp4,clips/raw_video_011/raw_video_011_clip_0011.mp4,raw_video_011.mp4,train,night,glare,good,20.043,1,0,0
raw_video_011_clip_0012.mp4,clips/raw_video_011/raw_video_011_clip_0012.mp4,raw_video_011.mp4,train,night,glare,good,20.045,1,0,0
raw_video_011_clip_0013.mp4,clips/raw_video_011/raw_video_011_clip_0013.mp4,raw_video_011.mp4,train,night,clear,good,20.092,1,0,0
raw_video_011_clip_0014.mp4,clips/raw_video_011/raw_video_011_clip_0014.mp4,raw_video_011.mp4,train,night,glare,good,20.083,1,0,0
raw_video_011_clip_0015.mp4,clips/raw_video_011/raw_video_011_clip_0015.mp4,raw_video_011.mp4,train,night,glare,good,20.067,1,0,0
raw_video_011_clip_0016.mp4,clips/raw_video_011/raw_video_011_clip_0016.mp4,raw_video_011.mp4,train,night,clear,good,19.058,1,0,0
raw_video_011_clip_0017.mp4,clips/raw_video_011/raw_video_011_clip_0017.mp4,raw_video_011.mp4,train,night,clear,good,20.033,0,0,0
raw_video_011_clip_0018.mp4,clips/raw_video_011/raw_video_011_clip_0018.mp4,raw_video_011.mp4,train,night,clear,good,20.07,0,0,0
raw_video_011_clip_0019.mp4,clips/raw_video_011/raw_video_011_clip_0019.mp4,raw_video_011.mp4,train,night,clear,good,20.07,0,0,0
raw_video_011_clip_0020.mp4,clips/raw_video_011/raw_video_011_clip_0020.mp4,raw_video_011.mp4,train,night,clear,good,20.074,0,0,0
raw_video_011_clip_0021.mp4,clips/raw_video_011/raw_video_011_clip_0021.mp4,raw_video_011.mp4,train,night,clear,good,20.088,0,0,0
raw_video_011_clip_0023.mp4,clips/raw_video_011/raw_video_011_clip_0023.mp4,raw_video_011.mp4,train,night,clear,good,20.033,0,0,0
raw_video_011_clip_0024.mp4,clips/raw_video_011/raw_video_011_clip_0024.mp4,raw_video_011.mp4,train,night,clear,good,20.054,0,0,0
raw_video_011_clip_0025.mp4,clips/raw_video_011/raw_video_011_clip_0025.mp4,raw_video_011.mp4,train,night,clear,good,20.033,0,0,0
raw_video_011_clip_0027.mp4,clips/raw_video_011/raw_video_011_clip_0027.mp4,raw_video_011.mp4,train,night,clear,good,20.033,0,0,0
raw_video_011_clip_0028.mp4,clips/raw_video_011/raw_video_011_clip_0028.mp4,raw_video_011.mp4,train,night,clear,good,20.033,1,0,0
raw_video_011_clip_0029.mp4,clips/raw_video_011/raw_video_011_clip_0029.mp4,raw_video_011.mp4,train,night,clear,good,20.033,0,0,0
raw_video_011_clip_0030.mp4,clips/raw_video_011/raw_video_011_clip_0030.mp4,raw_video_011.mp4,train,night,clear,good,20.033,0,0,0
raw_video_011_clip_0032.mp4,clips/raw_video_011/raw_video_011_clip_0032.mp4,raw_video_011.mp4,train,night,clear,good,20.033,0,0,0
raw_video_011_clip_0033.mp4,clips/raw_video_011/raw_video_011_clip_0033.mp4,raw_video_011.mp4,train,night,clear,good,20.033,0,0,0
raw_video_011_clip_0034.mp4,clips/raw_video_011/raw_video_011_clip_0034.mp4,raw_video_011.mp4,train,night,clear,good,20.033,0,0,0
raw_video_011_clip_0035.mp4,clips/raw_video_011/raw_video_011_clip_0035.mp4,raw_video_011.mp4,train,night,clear,good,20.035,1,0,0
raw_video_011_clip_0036.mp4,clips/raw_video_011/raw_video_011_clip_0036.mp4,raw_video_011.mp4,train,night,clear,good,20.033,1,0,0
raw_video_011_clip_0037.mp4,clips/raw_video_011/raw_video_011_clip_0037.mp4,raw_video_011.mp4,train,night,clear,good,20.033,0,0,0
raw_video_011_clip_0039.mp4,clips/raw_video_011/raw_video_011_clip_0039.mp4,raw_video_011.mp4,train,night,clear,good,19.032,0,0,0
raw_video_011_clip_0040.mp4,clips/raw_video_011/raw_video_011_clip_0040.mp4,raw_video_011.mp4,train,night,clear,good,20.075,0,0,0
raw_video_011_clip_0041.mp4,clips/raw_video_011/raw_video_011_clip_0041.mp4,raw_video_011.mp4,train,night,clear,good,20.095,0,0,0
raw_video_011_clip_0042.mp4,clips/raw_video_011/raw_video_011_clip_0042.mp4,raw_video_011.mp4,train,night,clear,good,20.033,1,0,0
raw_video_011_clip_0043.mp4,clips/raw_video_011/raw_video_011_clip_0043.mp4,raw_video_011.mp4,train,night,clear,good,20.033,0,0,0
raw_video_011_clip_0044.mp4,clips/raw_video_011/raw_video_011_clip_0044.mp4,raw_video_011.mp4,train,night,clear,good,20.052,0,0,0
raw_video_011_clip_0045.mp4,clips/raw_video_011/raw_video_011_clip_0045.mp4,raw_video_011.mp4,train,night,glare,good,20.033,1,0,0
raw_video_011_clip_0046.mp4,clips/raw_video_011/raw_video_011_clip_0046.mp4,raw_video_011.mp4,train,night,glare,good,20.077,1,0,0
raw_video_011_clip_0047.mp4,clips/raw_video_011/raw_video_011_clip_0047.mp4,raw_video_011.mp4,train,night,glare,good,20.06,1,0,0
raw_video_011_clip_0048.mp4,clips/raw_video_011/raw_video_011_clip_0048.mp4,raw_video_011.mp4,train,night,glare,good,20.069,1,0,0
raw_video_011_clip_0049.mp4,clips/raw_video_011/raw_video_011_clip_0049.mp4,raw_video_011.mp4,train,night,glare,good,20.051,1,0,0
raw_video_011_clip_0050.mp4,clips/raw_video_011/raw_video_011_clip_0050.mp4,raw_video_011.mp4,train,night,clear,good,20.102,0,0,0
raw_video_011_clip_0053.mp4,clips/raw_video_011/raw_video_011_clip_0053.mp4,raw_video_011.mp4,train,night,clear,good,20.102,0,0,0
raw_video_011_clip_0054.mp4,clips/raw_video_011/raw_video_011_clip_0054.mp4,raw_video_011.mp4,train,night,clear,good,19.092,1,0,0
raw_video_011_clip_0055.mp4,clips/raw_video_011/raw_video_011_clip_0055.mp4,raw_video_011.mp4,train,night,clear,good,20.102,0,0,0
raw_video_011_clip_0056.mp4,clips/raw_video_011/raw_video_011_clip_0056.mp4,raw_video_011.mp4,train,night,clear,good,20.102,0,0,0
raw_video_011_clip_0058.mp4,clips/raw_video_011/raw_video_011_clip_0058.mp4,raw_video_011.mp4,train,night,clear,good,20.102,0,0,0
raw_video_011_clip_0059.mp4,clips/raw_video_011/raw_video_011_clip_0059.mp4,raw_video_011.mp4,train,night,clear,good,20.102,0,0,0
raw_video_011_clip_0060.mp4,clips/raw_video_011/raw_video_011_clip_0060.mp4,raw_video_011.mp4,train,night,clear,good,20.046,0,0,0
raw_video_011_clip_0061.mp4,clips/raw_video_011/raw_video_011_clip_0061.mp4,raw_video_011.mp4,train,night,clear,good,20.033,0,0,0
raw_video_011_clip_0062.mp4,clips/raw_video_011/raw_video_011_clip_0062.mp4,raw_video_011.mp4,train,night,clear,good,20.063,1,0,0
raw_video_011_clip_0064.mp4,clips/raw_video_011/raw_video_011_clip_0064.mp4,raw_video_011.mp4,train,night,clear,good,20.102,0,0,0
raw_video_011_clip_0065.mp4,clips/raw_video_011/raw_video_011_clip_0065.mp4,raw_video_011.mp4,train,night,clear,good,19.097,0,0,0
raw_video_011_clip_0068.mp4,clips/raw_video_011/raw_video_011_clip_0068.mp4,raw_video_011.mp4,train,night,clear,good,20.102,0,0,0
raw_video_011_clip_0069.mp4,clips/raw_video_011/raw_video_011_clip_0069.mp4,raw_video_011.mp4,train,night,clear,good,20.102,0,0,0
raw_video_011_clip_0070.mp4,clips/raw_video_011/raw_video_011_clip_0070.mp4,raw_video_011.mp4,train,night,clear,good,20.102,1,0,0
raw_video_011_clip_0071.mp4,clips/raw_video_011/raw_video_011_clip_0071.mp4,raw_video_011.mp4,train,night,clear,good,20.102,0,0,0
raw_video_011_clip_0072.mp4,clips/raw_video_011/raw_video_011_clip_0072.mp4,raw_video_011.mp4,train,night,clear,good,20.102,0,0,0
raw_video_011_clip_0073.mp4,clips/raw_video_011/raw_video_011_clip_0073.mp4,raw_video_011.mp4,train,night,clear,good,20.102,0,0,0
raw_video_011_clip_0074.mp4,clips/raw_video_011/raw_video_011_clip_0074.mp4,raw_video_011.mp4,train,night,clear,good,20.102,0,0,0
raw_video_011_clip_0076.mp4,clips/raw_video_011/raw_video_011_clip_0076.mp4,raw_video_011.mp4,train,night,clear,good,20.102,1,0,0
raw_video_011_clip_0077.mp4,clips/raw_video_011/raw_video_011_clip_0077.mp4,raw_video_011.mp4,train,night,clear,good,20.102,0,0,0
raw_video_011_clip_0082.mp4,clips/raw_video_011/raw_video_011_clip_0082.mp4,raw_video_011.mp4,train,night,clear,good,20.102,0,0,0
raw_video_011_clip_0083.mp4,clips/raw_video_011/raw_video_011_clip_0083.mp4,raw_video_011.mp4,train,night,clear,good,20.087,0,0,0
raw_video_011_clip_0084.mp4,clips/raw_video_011/raw_video_011_clip_0084.mp4,raw_video_011.mp4,train,night,clear,good,20.102,0,0,0
raw_video_011_clip_0085.mp4,clips/raw_video_011/raw_video_011_clip_0085.mp4,raw_video_011.mp4,train,night,clear,good,19.097,0,0,0
raw_video_011_clip_0086.mp4,clips/raw_video_011/raw_video_011_clip_0086.mp4,raw_video_011.mp4,train,night,clear,good,20.101,0,0,0
raw_video_011_clip_0087.mp4,clips/raw_video_011/raw_video_011_clip_0087.mp4,raw_video_011.mp4,train,night,clear,good,20.1,0,0,0
raw_video_011_clip_0088.mp4,clips/raw_video_011/raw_video_011_clip_0088.mp4,raw_video_011.mp4,train,night,clear,good,20.072,1,0,0
raw_video_011_clip_0089.mp4,clips/raw_video_011/raw_video_011_clip_0089.mp4,raw_video_011.mp4,train,night,clear,good,20.052,0,0,0
raw_video_011_clip_0090.mp4,clips/raw_video_011/raw_video_011_clip_0090.mp4,raw_video_011.mp4,train,night,clear,good,20.047,0,0,0
raw_video_011_clip_0091.mp4,clips/raw_video_011/raw_video_011_clip_0091.mp4,raw_video_011.mp4,train,night,clear,good,20.042,0,0,0
raw_video_011_clip_0092.mp4,clips/raw_video_011/raw_video_011_clip_0092.mp4,raw_video_011.mp4,train,night,clear,good,20.033,0,0,0
raw_video_011_clip_0093.mp4,clips/raw_video_011/raw_video_011_clip_0093.mp4,raw_video_011.mp4,train,night,clear,good,20.038,0,0,0
raw_video_011_clip_0094.mp4,clips/raw_video_011/raw_video_011_clip_0094.mp4,raw_video_011.mp4,train,night,clear,good,20.099,0,0,0
raw_video_011_clip_0095.mp4,clips/raw_video_011/raw_video_011_clip_0095.mp4,raw_video_011.mp4,train,night,clear,good,20.102,0,0,0
raw_video_011_clip_0096.mp4,clips/raw_video_011/raw_video_011_clip_0096.mp4,raw_video_011.mp4,train,night,clear,good,20.09,0,0,0
raw_video_011_clip_0097.mp4,clips/raw_video_011/raw_video_011_clip_0097.mp4,raw_video_011.mp4,train,night,clear,good,20.095,0,0,0
raw_video_011_clip_0098.mp4,clips/raw_video_011/raw_video_011_clip_0098.mp4,raw_video_011.mp4,train,night,clear,good,19.097,1,0,0
raw_video_011_clip_0099.mp4,clips/raw_video_011/raw_video_011_clip_0099.mp4,raw_video_011.mp4,train,night,clear,good,20.102,0,0,0
raw_video_011_clip_0100.mp4,clips/raw_video_011/raw_video_011_clip_0100.mp4,raw_video_011.mp4,train,night,clear,good,20.096,0,0,0
raw_video_011_clip_0101.mp4,clips/raw_video_011/raw_video_011_clip_0101.mp4,raw_video_011.mp4,train,night,glare,good,20.047,1,0,0
raw_video_011_clip_0102.mp4,clips/raw_video_011/raw_video_011_clip_0102.mp4,raw_video_011.mp4,train,night,glare,good,20.047,1,0,0
raw_video_011_clip_0103.mp4,clips/raw_video_011/raw_video_011_clip_0103.mp4,raw_video_011.mp4,train,night,clear,good,20.054,0,0,0
raw_video_011_clip_0104.mp4,clips/raw_video_011/raw_video_011_clip_0104.mp4,raw_video_011.mp4,train,night,clear,good,20.064,0,0,0
raw_video_011_clip_0105.mp4,clips/raw_video_011/raw_video_011_clip_0105.mp4,raw_video_011.mp4,train,night,clear,good,20.042,0,0,0
raw_video_011_clip_0106.mp4,clips/raw_video_011/raw_video_011_clip_0106.mp4,raw_video_011.mp4,train,night,clear,good,20.033,0,0,0
raw_video_011_clip_0107.mp4,clips/raw_video_011/raw_video_011_clip_0107.mp4,raw_video_011.mp4,train,night,clear,good,20.033,0,0,0
raw_video_011_clip_0108.mp4,clips/raw_video_011/raw_video_011_clip_0108.mp4,raw_video_011.mp4,train,night,clear,good,20.038,0,0,0
raw_video_011_clip_0109.mp4,clips/raw_video_011/raw_video_011_clip_0109.mp4,raw_video_011.mp4,train,night,clear,good,20.033,0,0,0
raw_video_011_clip_0110.mp4,clips/raw_video_011/raw_video_011_clip_0110.mp4,raw_video_011.mp4,train,night,clear,good,20.033,0,0,0
raw_video_011_clip_0111.mp4,clips/raw_video_011/raw_video_011_clip_0111.mp4,raw_video_011.mp4,train,night,clear,good,20.033,0,0,0
raw_video_011_clip_0112.mp4,clips/raw_video_011/raw_video_011_clip_0112.mp4,raw_video_011.mp4,train,night,clear,good,20.033,1,0,0
raw_video_011_clip_0113.mp4,clips/raw_video_011/raw_video_011_clip_0113.mp4,raw_video_011.mp4,train,night,clear,good,20.033,0,0,0
raw_video_011_clip_0114.mp4,clips/raw_video_011/raw_video_011_clip_0114.mp4,raw_video_011.mp4,train,night,clear,good,20.033,1,0,0
raw_video_011_clip_0115.mp4,clips/raw_video_011/raw_video_011_clip_0115.mp4,raw_video_011.mp4,train,night,clear,good,20.033,0,0,0
raw_video_011_clip_0116.mp4,clips/raw_video_011/raw_video_011_clip_0116.mp4,raw_video_011.mp4,train,night,clear,good,20.033,0,0,0
raw_video_011_clip_0117.mp4,clips/raw_video_011/raw_video_011_clip_0117.mp4,raw_video_011.mp4,train,night,clear,good,20.033,0,0,0
raw_video_011_clip_0118.mp4,clips/raw_video_011/raw_video_011_clip_0118.mp4,raw_video_011.mp4,train,night,clear,good,20.036,0,0,0
raw_video_011_clip_0119.mp4,clips/raw_video_011/raw_video_011_clip_0119.mp4,raw_video_011.mp4,train,night,clear,good,20.033,0,0,0
raw_video_011_clip_0120.mp4,clips/raw_video_011/raw_video_011_clip_0120.mp4,raw_video_011.mp4,train,night,clear,good,20.033,0,0,0
raw_video_011_clip_0121.mp4,clips/raw_video_011/raw_video_011_clip_0121.mp4,raw_video_011.mp4,train,night,clear,good,19.045,1,0,0
raw_video_011_clip_0122.mp4,clips/raw_video_011/raw_video_011_clip_0122.mp4,raw_video_011.mp4,train,night,clear,good,20.039,0,0,0
raw_video_011_clip_0123.mp4,clips/raw_video_011/raw_video_011_clip_0123.mp4,raw_video_011.mp4,train,night,clear,good,20.091,0,0,0
raw_video_011_clip_0124.mp4,clips/raw_video_011/raw_video_011_clip_0124.mp4,raw_video_011.mp4,train,night,clear,good,20.102,0,0,0
raw_video_012_clip_0000.mp4,clips/raw_video_012/raw_video_012_clip_0000.mp4,raw_video_012.mp4,val,night,clear,good,20.102,0,0,0
raw_video_012_clip_0001.mp4,clips/raw_video_012/raw_video_012_clip_0001.mp4,raw_video_012.mp4,val,night,clear,good,20.08,1,0,0
raw_video_012_clip_0002.mp4,clips/raw_video_012/raw_video_012_clip_0002.mp4,raw_video_012.mp4,val,night,clear,good,20.042,1,0,0
raw_video_012_clip_0003.mp4,clips/raw_video_012/raw_video_012_clip_0003.mp4,raw_video_012.mp4,val,night,clear,good,20.055,1,0,0
raw_video_012_clip_0004.mp4,clips/raw_video_012/raw_video_012_clip_0004.mp4,raw_video_012.mp4,val,night,clear,good,20.053,1,0,0
raw_video_012_clip_0005.mp4,clips/raw_video_012/raw_video_012_clip_0005.mp4,raw_video_012.mp4,val,night,clear,good,20.074,0,0,0
raw_video_012_clip_0006.mp4,clips/raw_video_012/raw_video_012_clip_0006.mp4,raw_video_012.mp4,val,night,clear,good,20.068,0,0,0
raw_video_012_clip_0007.mp4,clips/raw_video_012/raw_video_012_clip_0007.mp4,raw_video_012.mp4,val,night,clear,good,20.064,0,0,0
raw_video_012_clip_0008.mp4,clips/raw_video_012/raw_video_012_clip_0008.mp4,raw_video_012.mp4,val,night,clear,good,20.042,0,0,0
raw_video_012_clip_0009.mp4,clips/raw_video_012/raw_video_012_clip_0009.mp4,raw_video_012.mp4,val,night,clear,good,20.057,0,0,0
raw_video_012_clip_0010.mp4,clips/raw_video_012/raw_video_012_clip_0010.mp4,raw_video_012.mp4,val,night,clear,good,20.077,0,0,0
raw_video_012_clip_0011.mp4,clips/raw_video_012/raw_video_012_clip_0011.mp4,raw_video_012.mp4,val,night,clear,good,20.054,0,0,0
raw_video_012_clip_0012.mp4,clips/raw_video_012/raw_video_012_clip_0012.mp4,raw_video_012.mp4,val,night,clear,good,20.037,0,0,0
raw_video_012_clip_0013.mp4,clips/raw_video_012/raw_video_012_clip_0013.mp4,raw_video_012.mp4,val,night,clear,good,20.042,0,0,0
raw_video_012_clip_0014.mp4,clips/raw_video_012/raw_video_012_clip_0014.mp4,raw_video_012.mp4,val,night,clear,good,20.054,1,0,0
raw_video_012_clip_0015.mp4,clips/raw_video_012/raw_video_012_clip_0015.mp4,raw_video_012.mp4,val,night,clear,good,20.055,0,0,0
raw_video_012_clip_0016.mp4,clips/raw_video_012/raw_video_012_clip_0016.mp4,raw_video_012.mp4,val,night,clear,good,19.066,1,0,0
raw_video_012_clip_0017.mp4,clips/raw_video_012/raw_video_012_clip_0017.mp4,raw_video_012.mp4,val,night,clear,good,20.1,0,0,0
raw_video_012_clip_0018.mp4,clips/raw_video_012/raw_video_012_clip_0018.mp4,raw_video_012.mp4,val,night,clear,good,20.055,1,0,0
raw_video_012_clip_0019.mp4,clips/raw_video_012/raw_video_012_clip_0019.mp4,raw_video_012.mp4,val,night,clear,good,20.076,0,0,0
raw_video_012_clip_0020.mp4,clips/raw_video_012/raw_video_012_clip_0020.mp4,raw_video_012.mp4,val,night,clear,good,20.084,0,0,0
raw_video_012_clip_0021.mp4,clips/raw_video_012/raw_video_012_clip_0021.mp4,raw_video_012.mp4,val,night,clear,good,20.052,0,0,0
raw_video_012_clip_0022.mp4,clips/raw_video_012/raw_video_012_clip_0022.mp4,raw_video_012.mp4,val,night,clear,good,20.09,1,0,0
raw_video_012_clip_0023.mp4,clips/raw_video_012/raw_video_012_clip_0023.mp4,raw_video_012.mp4,val,night,glare,good,20.066,1,0,0
raw_video_012_clip_0024.mp4,clips/raw_video_012/raw_video_012_clip_0024.mp4,raw_video_012.mp4,val,night,glare,good,20.059,1,0,0
raw_video_012_clip_0025.mp4,clips/raw_video_012/raw_video_012_clip_0025.mp4,raw_video_012.mp4,val,night,glare,good,20.098,1,0,0
raw_video_012_clip_0026.mp4,clips/raw_video_012/raw_video_012_clip_0026.mp4,raw_video_012.mp4,val,night,glare,good,20.083,1,0,0
raw_video_012_clip_0027.mp4,clips/raw_video_012/raw_video_012_clip_0027.mp4,raw_video_012.mp4,val,night,clear,good,20.102,0,0,0
raw_video_012_clip_0028.mp4,clips/raw_video_012/raw_video_012_clip_0028.mp4,raw_video_012.mp4,val,night,glare,good,20.099,1,0,0
raw_video_012_clip_0029.mp4,clips/raw_video_012/raw_video_012_clip_0029.mp4,raw_video_012.mp4,val,night,glare,good,19.06,1,0,0
raw_video_012_clip_0030.mp4,clips/raw_video_012/raw_video_012_clip_0030.mp4,raw_video_012.mp4,val,night,glare,good,20.045,1,0,0
raw_video_012_clip_0031.mp4,clips/raw_video_012/raw_video_012_clip_0031.mp4,raw_video_012.mp4,val,night,clear,good,20.033,0,0,0
raw_video_012_clip_0032.mp4,clips/raw_video_012/raw_video_012_clip_0032.mp4,raw_video_012.mp4,val,night,clear,good,20.04,1,0,0
raw_video_012_clip_0033.mp4,clips/raw_video_012/raw_video_012_clip_0033.mp4,raw_video_012.mp4,val,night,glare,good,20.048,1,0,0
raw_video_012_clip_0034.mp4,clips/raw_video_012/raw_video_012_clip_0034.mp4,raw_video_012.mp4,val,night,glare,good,20.068,1,0,0
raw_video_012_clip_0035.mp4,clips/raw_video_012/raw_video_012_clip_0035.mp4,raw_video_012.mp4,val,night,glare,good,20.052,1,0,0
raw_video_012_clip_0036.mp4,clips/raw_video_012/raw_video_012_clip_0036.mp4,raw_video_012.mp4,val,night,clear,good,20.093,1,0,0
raw_video_012_clip_0037.mp4,clips/raw_video_012/raw_video_012_clip_0037.mp4,raw_video_012.mp4,val,night,clear,good,20.102,0,0,0
raw_video_012_clip_0038.mp4,clips/raw_video_012/raw_video_012_clip_0038.mp4,raw_video_012.mp4,val,night,clear,good,20.102,0,0,0
raw_video_012_clip_0039.mp4,clips/raw_video_012/raw_video_012_clip_0039.mp4,raw_video_012.mp4,val,night,clear,good,20.1,0,0,0
raw_video_012_clip_0040.mp4,clips/raw_video_012/raw_video_012_clip_0040.mp4,raw_video_012.mp4,val,night,clear,good,20.085,0,0,0
raw_video_012_clip_0041.mp4,clips/raw_video_012/raw_video_012_clip_0041.mp4,raw_video_012.mp4,val,night,clear,good,20.055,0,0,0
raw_video_012_clip_0042.mp4,clips/raw_video_012/raw_video_012_clip_0042.mp4,raw_video_012.mp4,val,night,clear,good,20.054,0,0,0
raw_video_012_clip_0043.mp4,clips/raw_video_012/raw_video_012_clip_0043.mp4,raw_video_012.mp4,val,night,clear,good,20.037,0,0,0
raw_video_012_clip_0044.mp4,clips/raw_video_012/raw_video_012_clip_0044.mp4,raw_video_012.mp4,val,night,clear,good,20.033,0,0,0
raw_video_012_clip_0045.mp4,clips/raw_video_012/raw_video_012_clip_0045.mp4,raw_video_012.mp4,val,night,clear,good,19.032,0,0,0
raw_video_012_clip_0046.mp4,clips/raw_video_012/raw_video_012_clip_0046.mp4,raw_video_012.mp4,val,night,clear,good,20.033,1,0,0
raw_video_012_clip_0047.mp4,clips/raw_video_012/raw_video_012_clip_0047.mp4,raw_video_012.mp4,val,night,clear,good,20.033,1,0,0
raw_video_012_clip_0048.mp4,clips/raw_video_012/raw_video_012_clip_0048.mp4,raw_video_012.mp4,val,night,clear,good,20.033,0,0,0
raw_video_012_clip_0049.mp4,clips/raw_video_012/raw_video_012_clip_0049.mp4,raw_video_012.mp4,val,night,clear,good,20.033,1,0,0
raw_video_012_clip_0050.mp4,clips/raw_video_012/raw_video_012_clip_0050.mp4,raw_video_012.mp4,val,night,clear,good,20.033,0,0,0
raw_video_012_clip_0051.mp4,clips/raw_video_012/raw_video_012_clip_0051.mp4,raw_video_012.mp4,val,night,clear,good,20.033,0,0,0
raw_video_012_clip_0052.mp4,clips/raw_video_012/raw_video_012_clip_0052.mp4,raw_video_012.mp4,val,night,clear,good,20.033,0,0,0
raw_video_012_clip_0053.mp4,clips/raw_video_012/raw_video_012_clip_0053.mp4,raw_video_012.mp4,val,night,clear,good,20.033,0,0,0
raw_video_012_clip_0054.mp4,clips/raw_video_012/raw_video_012_clip_0054.mp4,raw_video_012.mp4,val,night,clear,good,20.033,1,0,0
raw_video_012_clip_0055.mp4,clips/raw_video_012/raw_video_012_clip_0055.mp4,raw_video_012.mp4,val,night,glare,good,20.033,1,0,0
raw_video_012_clip_0056.mp4,clips/raw_video_012/raw_video_012_clip_0056.mp4,raw_video_012.mp4,val,night,glare,good,20.04,1,0,0
raw_video_012_clip_0057.mp4,clips/raw_video_012/raw_video_012_clip_0057.mp4,raw_video_012.mp4,val,night,glare,good,20.042,1,0,0
raw_video_012_clip_0058.mp4,clips/raw_video_012/raw_video_012_clip_0058.mp4,raw_video_012.mp4,val,night,clear,good,20.089,0,0,0
raw_video_012_clip_0059.mp4,clips/raw_video_012/raw_video_012_clip_0059.mp4,raw_video_012.mp4,val,night,clear,good,20.102,0,0,0
raw_video_012_clip_0060.mp4,clips/raw_video_012/raw_video_012_clip_0060.mp4,raw_video_012.mp4,val,night,clear,good,20.089,1,0,0
raw_video_012_clip_0061.mp4,clips/raw_video_012/raw_video_012_clip_0061.mp4,raw_video_012.mp4,val,night,clear,good,20.084,1,0,0
raw_video_012_clip_0062.mp4,clips/raw_video_012/raw_video_012_clip_0062.mp4,raw_video_012.mp4,val,night,clear,good,20.102,0,0,0
raw_video_012_clip_0063.mp4,clips/raw_video_012/raw_video_012_clip_0063.mp4,raw_video_012.mp4,val,night,clear,good,19.098,0,0,0
raw_video_013_clip_0000.mp4,clips/raw_video_013/raw_video_013_clip_0000.mp4,raw_video_013.mp4,test,night,clear,good,20.037,1,0,1
raw_video_013_clip_0001.mp4,clips/raw_video_013/raw_video_013_clip_0001.mp4,raw_video_013.mp4,test,night,clear,good,20.032,1,0,1
raw_video_013_clip_0002.mp4,clips/raw_video_013/raw_video_013_clip_0002.mp4,raw_video_013.mp4,test,night,clear,good,20.069,0,0,1
raw_video_013_clip_0003.mp4,clips/raw_video_013/raw_video_013_clip_0003.mp4,raw_video_013.mp4,test,night,clear,good,20.084,1,0,1
raw_video_013_clip_0004.mp4,clips/raw_video_013/raw_video_013_clip_0004.mp4,raw_video_013.mp4,test,night,clear,good,20.058,1,0,1
raw_video_013_clip_0005.mp4,clips/raw_video_013/raw_video_013_clip_0005.mp4,raw_video_013.mp4,test,night,clear,good,20.08,0,0,1
raw_video_013_clip_0006.mp4,clips/raw_video_013/raw_video_013_clip_0006.mp4,raw_video_013.mp4,test,night,clear,good,20.059,1,0,1
raw_video_013_clip_0007.mp4,clips/raw_video_013/raw_video_013_clip_0007.mp4,raw_video_013.mp4,test,night,clear,good,20.058,1,0,1
raw_video_013_clip_0008.mp4,clips/raw_video_013/raw_video_013_clip_0008.mp4,raw_video_013.mp4,test,night,clear,good,20.089,1,0,1
raw_video_013_clip_0009.mp4,clips/raw_video_013/raw_video_013_clip_0009.mp4,raw_video_013.mp4,test,night,clear,good,20.087,1,0,1
raw_video_013_clip_0010.mp4,clips/raw_video_013/raw_video_013_clip_0010.mp4,raw_video_013.mp4,test,night,clear,good,20.092,0,0,1
raw_video_013_clip_0011.mp4,clips/raw_video_013/raw_video_013_clip_0011.mp4,raw_video_013.mp4,test,night,clear,good,20.045,1,0,1
raw_video_013_clip_0012.mp4,clips/raw_video_013/raw_video_013_clip_0012.mp4,raw_video_013.mp4,test,night,clear,good,20.033,0,0,1
raw_video_013_clip_0021.mp4,clips/raw_video_013/raw_video_013_clip_0021.mp4,raw_video_013.mp4,test,night,clear,good,20.032,1,0,1
raw_video_013_clip_0022.mp4,clips/raw_video_013/raw_video_013_clip_0022.mp4,raw_video_013.mp4,test,night,clear,good,20.086,0,0,1
raw_video_013_clip_0023.mp4,clips/raw_video_013/raw_video_013_clip_0023.mp4,raw_video_013.mp4,test,night,clear,good,20.056,1,0,1
raw_video_013_clip_0024.mp4,clips/raw_video_013/raw_video_013_clip_0024.mp4,raw_video_013.mp4,test,night,clear,good,20.095,1,0,1
raw_video_013_clip_0025.mp4,clips/raw_video_013/raw_video_013_clip_0025.mp4,raw_video_013.mp4,test,night,clear,good,20.097,0,0,1
raw_video_013_clip_0026.mp4,clips/raw_video_013/raw_video_013_clip_0026.mp4,raw_video_013.mp4,test,night,clear,good,20.093,1,0,1
raw_video_013_clip_0027.mp4,clips/raw_video_013/raw_video_013_clip_0027.mp4,raw_video_013.mp4,test,night,clear,good,20.095,1,0,1
raw_video_013_clip_0028.mp4,clips/raw_video_013/raw_video_013_clip_0028.mp4,raw_video_013.mp4,test,night,shadow,good,20.071,1,0,1
raw_video_013_clip_0029.mp4,clips/raw_video_013/raw_video_013_clip_0029.mp4,raw_video_013.mp4,test,night,clear,good,20.098,1,0,1
raw_video_013_clip_0030.mp4,clips/raw_video_013/raw_video_013_clip_0030.mp4,raw_video_013.mp4,test,night,glare,good,20.06,1,0,1
raw_video_013_clip_0031.mp4,clips/raw_video_013/raw_video_013_clip_0031.mp4,raw_video_013.mp4,test,night,clear,good,20.033,1,0,1
raw_video_013_clip_0032.mp4,clips/raw_video_013/raw_video_013_clip_0032.mp4,raw_video_013.mp4,test,night,clear,good,20.08,1,0,1
raw_video_013_clip_0033.mp4,clips/raw_video_013/raw_video_013_clip_0033.mp4,raw_video_013.mp4,test,night,clear,good,19.082,1,0,1
raw_video_013_clip_0034.mp4,clips/raw_video_013/raw_video_013_clip_0034.mp4,raw_video_013.mp4,test,night,clear,good,20.102,1,0,1
raw_video_013_clip_0035.mp4,clips/raw_video_013/raw_video_013_clip_0035.mp4,raw_video_013.mp4,test,night,clear,good,20.102,1,0,1
raw_video_013_clip_0036.mp4,clips/raw_video_013/raw_video_013_clip_0036.mp4,raw_video_013.mp4,test,night,clear,good,20.049,0,0,1
raw_video_013_clip_0037.mp4,clips/raw_video_013/raw_video_013_clip_0037.mp4,raw_video_013.mp4,test,night,clear,good,20.033,1,0,1
raw_video_013_clip_0038.mp4,clips/raw_video_013/raw_video_013_clip_0038.mp4,raw_video_013.mp4,test,night,clear,good,20.044,0,0,1
raw_video_013_clip_0039.mp4,clips/raw_video_013/raw_video_013_clip_0039.mp4,raw_video_013.mp4,test,night,shadow,good,20.083,1,0,1
raw_video_013_clip_0040.mp4,clips/raw_video_013/raw_video_013_clip_0040.mp4,raw_video_013.mp4,test,night,shadow,good,20.102,1,0,1
raw_video_013_clip_0041.mp4,clips/raw_video_013/raw_video_013_clip_0041.mp4,raw_video_013.mp4,test,night,clear,good,20.081,1,0,1
raw_video_013_clip_0042.mp4,clips/raw_video_013/raw_video_013_clip_0042.mp4,raw_video_013.mp4,test,night,glare,good,20.052,1,0,1
raw_video_013_clip_0043.mp4,clips/raw_video_013/raw_video_013_clip_0043.mp4,raw_video_013.mp4,test,night,clear,good,20.033,1,0,1
raw_video_013_clip_0044.mp4,clips/raw_video_013/raw_video_013_clip_0044.mp4,raw_video_013.mp4,test,night,clear,good,20.037,1,0,1
raw_video_014_clip_0000.mp4,clips/raw_video_014/raw_video_014_clip_0000.mp4,raw_video_014.mp4,train,day,clear,good,20.033,1,0,0
raw_video_014_clip_0001.mp4,clips/raw_video_014/raw_video_014_clip_0001.mp4,raw_video_014.mp4,train,day,clear,good,20.033,1,0,0
raw_video_014_clip_0002.mp4,clips/raw_video_014/raw_video_014_clip_0002.mp4,raw_video_014.mp4,train,day,clear,good,20.034,1,0,0
raw_video_014_clip_0003.mp4,clips/raw_video_014/raw_video_014_clip_0003.mp4,raw_video_014.mp4,train,day,clear,good,20.033,1,0,0
raw_video_014_clip_0004.mp4,clips/raw_video_014/raw_video_014_clip_0004.mp4,raw_video_014.mp4,train,day,clear,good,20.033,1,0,0
raw_video_014_clip_0005.mp4,clips/raw_video_014/raw_video_014_clip_0005.mp4,raw_video_014.mp4,train,day,clear,good,20.028,1,0,0
raw_video_014_clip_0006.mp4,clips/raw_video_014/raw_video_014_clip_0006.mp4,raw_video_014.mp4,train,day,clear,good,20.034,1,0,0
raw_video_014_clip_0007.mp4,clips/raw_video_014/raw_video_014_clip_0007.mp4,raw_video_014.mp4,train,day,clear,good,20.038,1,0,0
raw_video_014_clip_0008.mp4,clips/raw_video_014/raw_video_014_clip_0008.mp4,raw_video_014.mp4,train,day,clear,good,20.037,1,0,0
raw_video_014_clip_0009.mp4,clips/raw_video_014/raw_video_014_clip_0009.mp4,raw_video_014.mp4,train,day,clear,good,20.034,1,0,0
raw_video_014_clip_0010.mp4,clips/raw_video_014/raw_video_014_clip_0010.mp4,raw_video_014.mp4,train,day,clear,good,20.026,1,0,0
raw_video_014_clip_0011.mp4,clips/raw_video_014/raw_video_014_clip_0011.mp4,raw_video_014.mp4,train,day,clear,good,20.035,1,0,0
raw_video_014_clip_0012.mp4,clips/raw_video_014/raw_video_014_clip_0012.mp4,raw_video_014.mp4,train,day,clear,good,20.034,1,0,0
raw_video_014_clip_0013.mp4,clips/raw_video_014/raw_video_014_clip_0013.mp4,raw_video_014.mp4,train,day,clear,good,20.033,1,0,0
raw_video_014_clip_0014.mp4,clips/raw_video_014/raw_video_014_clip_0014.mp4,raw_video_014.mp4,train,day,clear,good,20.032,1,0,0
raw_video_014_clip_0015.mp4,clips/raw_video_014/raw_video_014_clip_0015.mp4,raw_video_014.mp4,train,day,clear,good,20.034,1,0,0
raw_video_014_clip_0016.mp4,clips/raw_video_014/raw_video_014_clip_0016.mp4,raw_video_014.mp4,train,day,clear,good,20.033,1,0,0
raw_video_014_clip_0017.mp4,clips/raw_video_014/raw_video_014_clip_0017.mp4,raw_video_014.mp4,train,day,clear,good,20.034,1,0,0
raw_video_014_clip_0018.mp4,clips/raw_video_014/raw_video_014_clip_0018.mp4,raw_video_014.mp4,train,day,clear,good,20.033,1,0,0
raw_video_014_clip_0019.mp4,clips/raw_video_014/raw_video_014_clip_0019.mp4,raw_video_014.mp4,train,day,clear,good,20.023,1,0,0
raw_video_014_clip_0020.mp4,clips/raw_video_014/raw_video_014_clip_0020.mp4,raw_video_014.mp4,train,day,clear,good,20.033,1,0,0
raw_video_014_clip_0021.mp4,clips/raw_video_014/raw_video_014_clip_0021.mp4,raw_video_014.mp4,train,day,clear,good,11.72,1,0,0
raw_video_015_clip_0000.mp4,clips/raw_video_015/raw_video_015_clip_0000.mp4,raw_video_015.mp4,val,day,clear,good,20.043,1,1,0
raw_video_015_clip_0001.mp4,clips/raw_video_015/raw_video_015_clip_0001.mp4,raw_video_015.mp4,val,day,clear,good,20.033,1,1,0
raw_video_015_clip_0002.mp4,clips/raw_video_015/raw_video_015_clip_0002.mp4,raw_video_015.mp4,val,day,clear,good,20.038,0,1,0
raw_video_015_clip_0003.mp4,clips/raw_video_015/raw_video_015_clip_0003.mp4,raw_video_015.mp4,val,day,clear,good,20.019,0,1,0
raw_video_015_clip_0004.mp4,clips/raw_video_015/raw_video_015_clip_0004.mp4,raw_video_015.mp4,val,day,clear,good,20.048,1,1,0
raw_video_015_clip_0005.mp4,clips/raw_video_015/raw_video_015_clip_0005.mp4,raw_video_015.mp4,val,day,clear,good,20.031,0,1,0
raw_video_015_clip_0006.mp4,clips/raw_video_015/raw_video_015_clip_0006.mp4,raw_video_015.mp4,val,day,clear,good,20.032,0,1,0
raw_video_015_clip_0007.mp4,clips/raw_video_015/raw_video_015_clip_0007.mp4,raw_video_015.mp4,val,day,clear,good,20.039,0,1,0
raw_video_015_clip_0008.mp4,clips/raw_video_015/raw_video_015_clip_0008.mp4,raw_video_015.mp4,val,day,clear,good,20.034,1,1,0
raw_video_015_clip_0009.mp4,clips/raw_video_015/raw_video_015_clip_0009.mp4,raw_video_015.mp4,val,day,clear,good,20.033,0,1,0
raw_video_015_clip_0010.mp4,clips/raw_video_015/raw_video_015_clip_0010.mp4,raw_video_015.mp4,val,day,clear,good,20.034,0,1,0
raw_video_015_clip_0011.mp4,clips/raw_video_015/raw_video_015_clip_0011.mp4,raw_video_015.mp4,val,day,clear,good,20.034,1,1,0
raw_video_015_clip_0012.mp4,clips/raw_video_015/raw_video_015_clip_0012.mp4,raw_video_015.mp4,val,day,clear,good,20.033,1,1,0
raw_video_015_clip_0013.mp4,clips/raw_video_015/raw_video_015_clip_0013.mp4,raw_video_015.mp4,val,day,clear,good,20.034,0,1,0
raw_video_015_clip_0014.mp4,clips/raw_video_015/raw_video_015_clip_0014.mp4,raw_video_015.mp4,val,day,clear,good,20.034,0,1,0
raw_video_015_clip_0015.mp4,clips/raw_video_015/raw_video_015_clip_0015.mp4,raw_video_015.mp4,val,day,clear,good,20.033,0,1,0
raw_video_015_clip_0016.mp4,clips/raw_video_015/raw_video_015_clip_0016.mp4,raw_video_015.mp4,val,day,clear,good,20.033,1,1,0
raw_video_015_clip_0017.mp4,clips/raw_video_015/raw_video_015_clip_0017.mp4,raw_video_015.mp4,val,day,clear,good,20.032,1,1,0
raw_video_015_clip_0018.mp4,clips/raw_video_015/raw_video_015_clip_0018.mp4,raw_video_015.mp4,val,day,clear,good,20.034,0,1,0
raw_video_015_clip_0019.mp4,clips/raw_video_015/raw_video_015_clip_0019.mp4,raw_video_015.mp4,val,day,clear,good,20.033,0,1,0
raw_video_015_clip_0020.mp4,clips/raw_video_015/raw_video_015_clip_0020.mp4,raw_video_015.mp4,val,day,clear,good,20.033,0,1,0
raw_video_015_clip_0021.mp4,clips/raw_video_015/raw_video_015_clip_0021.mp4,raw_video_015.mp4,val,day,clear,good,20.034,1,1,0
raw_video_015_clip_0022.mp4,clips/raw_video_015/raw_video_015_clip_0022.mp4,raw_video_015.mp4,val,day,clear,good,20.033,0,1,0
raw_video_015_clip_0023.mp4,clips/raw_video_015/raw_video_015_clip_0023.mp4,raw_video_015.mp4,val,day,clear,good,20.033,0,1,0
raw_video_015_clip_0024.mp4,clips/raw_video_015/raw_video_015_clip_0024.mp4,raw_video_015.mp4,val,day,clear,good,20.034,0,1,0
raw_video_015_clip_0025.mp4,clips/raw_video_015/raw_video_015_clip_0025.mp4,raw_video_015.mp4,val,day,clear,good,20.033,0,1,0
raw_video_015_clip_0026.mp4,clips/raw_video_015/raw_video_015_clip_0026.mp4,raw_video_015.mp4,val,day,clear,good,20.033,0,1,0
raw_video_015_clip_0027.mp4,clips/raw_video_015/raw_video_015_clip_0027.mp4,raw_video_015.mp4,val,day,clear,good,20.034,0,1,0
raw_video_015_clip_0028.mp4,clips/raw_video_015/raw_video_015_clip_0028.mp4,raw_video_015.mp4,val,day,clear,good,20.032,0,1,0
raw_video_015_clip_0029.mp4,clips/raw_video_015/raw_video_015_clip_0029.mp4,raw_video_015.mp4,val,day,clear,good,19.033,0,1,0
raw_video_015_clip_0030.mp4,clips/raw_video_015/raw_video_015_clip_0030.mp4,raw_video_015.mp4,val,day,clear,good,20.033,0,1,0
raw_video_015_clip_0031.mp4,clips/raw_video_015/raw_video_015_clip_0031.mp4,raw_video_015.mp4,val,day,clear,good,20.034,0,1,0
raw_video_015_clip_0032.mp4,clips/raw_video_015/raw_video_015_clip_0032.mp4,raw_video_015.mp4,val,day,clear,good,20.033,1,1,0
raw_video_015_clip_0033.mp4,clips/raw_video_015/raw_video_015_clip_0033.mp4,raw_video_015.mp4,val,day,clear,good,20.033,0,1,0
raw_video_015_clip_0034.mp4,clips/raw_video_015/raw_video_015_clip_0034.mp4,raw_video_015.mp4,val,day,clear,good,20.033,0,1,0
raw_video_015_clip_0035.mp4,clips/raw_video_015/raw_video_015_clip_0035.mp4,raw_video_015.mp4,val,day,clear,good,20.034,0,1,0
raw_video_015_clip_0036.mp4,clips/raw_video_015/raw_video_015_clip_0036.mp4,raw_video_015.mp4,val,day,clear,good,20.034,0,1,0
raw_video_015_clip_0037.mp4,clips/raw_video_015/raw_video_015_clip_0037.mp4,raw_video_015.mp4,val,day,clear,good,20.033,0,1,0
raw_video_015_clip_0038.mp4,clips/raw_video_015/raw_video_015_clip_0038.mp4,raw_video_015.mp4,val,day,clear,good,20.034,0,1,0
raw_video_015_clip_0039.mp4,clips/raw_video_015/raw_video_015_clip_0039.mp4,raw_video_015.mp4,val,day,clear,good,20.032,1,1,0
raw_video_015_clip_0040.mp4,clips/raw_video_015/raw_video_015_clip_0040.mp4,raw_video_015.mp4,val,day,clear,good,20.034,1,1,0
raw_video_015_clip_0041.mp4,clips/raw_video_015/raw_video_015_clip_0041.mp4,raw_video_015.mp4,val,day,clear,good,20.034,0,1,0
raw_video_015_clip_0042.mp4,clips/raw_video_015/raw_video_015_clip_0042.mp4,raw_video_015.mp4,val,day,clear,good,20.033,0,1,0
raw_video_015_clip_0043.mp4,clips/raw_video_015/raw_video_015_clip_0043.mp4,raw_video_015.mp4,val,day,clear,good,20.034,0,1,0
raw_video_015_clip_0044.mp4,clips/raw_video_015/raw_video_015_clip_0044.mp4,raw_video_015.mp4,val,day,clear,good,20.033,1,1,0
raw_video_015_clip_0045.mp4,clips/raw_video_015/raw_video_015_clip_0045.mp4,raw_video_015.mp4,val,day,clear,good,20.033,0,1,0
raw_video_015_clip_0046.mp4,clips/raw_video_015/raw_video_015_clip_0046.mp4,raw_video_015.mp4,val,day,clear,good,20.034,0,1,0
raw_video_015_clip_0047.mp4,clips/raw_video_015/raw_video_015_clip_0047.mp4,raw_video_015.mp4,val,day,clear,good,20.033,1,1,0
raw_video_015_clip_0048.mp4,clips/raw_video_015/raw_video_015_clip_0048.mp4,raw_video_015.mp4,val,day,clear,good,20.035,0,1,0
raw_video_015_clip_0049.mp4,clips/raw_video_015/raw_video_015_clip_0049.mp4,raw_video_015.mp4,val,day,clear,good,20.034,0,1,0
raw_video_015_clip_0050.mp4,clips/raw_video_015/raw_video_015_clip_0050.mp4,raw_video_015.mp4,val,day,clear,good,20.033,0,1,0
raw_video_015_clip_0051.mp4,clips/raw_video_015/raw_video_015_clip_0051.mp4,raw_video_015.mp4,val,day,clear,good,20.033,1,1,0
raw_video_015_clip_0052.mp4,clips/raw_video_015/raw_video_015_clip_0052.mp4,raw_video_015.mp4,val,day,clear,good,20.033,0,1,0
raw_video_015_clip_0053.mp4,clips/raw_video_015/raw_video_015_clip_0053.mp4,raw_video_015.mp4,val,day,clear,good,20.029,1,1,0
raw_video_015_clip_0054.mp4,clips/raw_video_015/raw_video_015_clip_0054.mp4,raw_video_015.mp4,val,day,clear,good,20.039,0,1,0
raw_video_015_clip_0055.mp4,clips/raw_video_015/raw_video_015_clip_0055.mp4,raw_video_015.mp4,val,day,clear,good,20.028,0,1,0
raw_video_015_clip_0056.mp4,clips/raw_video_015/raw_video_015_clip_0056.mp4,raw_video_015.mp4,val,day,clear,good,20.032,0,1,0
raw_video_015_clip_0057.mp4,clips/raw_video_015/raw_video_015_clip_0057.mp4,raw_video_015.mp4,val,day,clear,good,20.04,0,1,0
raw_video_015_clip_0058.mp4,clips/raw_video_015/raw_video_015_clip_0058.mp4,raw_video_015.mp4,val,day,clear,good,20.034,0,1,0
raw_video_015_clip_0059.mp4,clips/raw_video_015/raw_video_015_clip_0059.mp4,raw_video_015.mp4,val,day,clear,good,19.033,1,1,0
raw_video_015_clip_0060.mp4,clips/raw_video_015/raw_video_015_clip_0060.mp4,raw_video_015.mp4,val,day,clear,good,20.034,0,1,0
raw_video_015_clip_0061.mp4,clips/raw_video_015/raw_video_015_clip_0061.mp4,raw_video_015.mp4,val,day,clear,good,20.033,1,1,0
raw_video_015_clip_0062.mp4,clips/raw_video_015/raw_video_015_clip_0062.mp4,raw_video_015.mp4,val,day,clear,good,20.034,0,1,0
raw_video_015_clip_0063.mp4,clips/raw_video_015/raw_video_015_clip_0063.mp4,raw_video_015.mp4,val,day,clear,good,20.029,1,1,0
raw_video_015_clip_0064.mp4,clips/raw_video_015/raw_video_015_clip_0064.mp4,raw_video_015.mp4,val,day,clear,good,20.04,1,1,0
raw_video_015_clip_0065.mp4,clips/raw_video_015/raw_video_015_clip_0065.mp4,raw_video_015.mp4,val,day,clear,good,20.033,0,1,0
raw_video_015_clip_0066.mp4,clips/raw_video_015/raw_video_015_clip_0066.mp4,raw_video_015.mp4,val,day,clear,good,20.034,1,1,0
raw_video_015_clip_0067.mp4,clips/raw_video_015/raw_video_015_clip_0067.mp4,raw_video_015.mp4,val,day,clear,good,20.033,0,1,0
raw_video_015_clip_0068.mp4,clips/raw_video_015/raw_video_015_clip_0068.mp4,raw_video_015.mp4,val,day,clear,good,20.034,0,1,0
raw_video_015_clip_0069.mp4,clips/raw_video_015/raw_video_015_clip_0069.mp4,raw_video_015.mp4,val,day,clear,good,20.033,0,1,0
raw_video_015_clip_0070.mp4,clips/raw_video_015/raw_video_015_clip_0070.mp4,raw_video_015.mp4,val,day,clear,good,20.033,0,1,0
raw_video_015_clip_0071.mp4,clips/raw_video_015/raw_video_015_clip_0071.mp4,raw_video_015.mp4,val,day,clear,good,20.034,1,1,0
raw_video_015_clip_0072.mp4,clips/raw_video_015/raw_video_015_clip_0072.mp4,raw_video_015.mp4,val,day,clear,good,20.033,0,1,0
raw_video_015_clip_0073.mp4,clips/raw_video_015/raw_video_015_clip_0073.mp4,raw_video_015.mp4,val,day,clear,good,20.034,0,1,0
raw_video_015_clip_0074.mp4,clips/raw_video_015/raw_video_015_clip_0074.mp4,raw_video_015.mp4,val,day,clear,good,20.033,0,1,0
raw_video_015_clip_0075.mp4,clips/raw_video_015/raw_video_015_clip_0075.mp4,raw_video_015.mp4,val,day,clear,good,20.034,0,1,0
raw_video_015_clip_0076.mp4,clips/raw_video_015/raw_video_015_clip_0076.mp4,raw_video_015.mp4,val,day,clear,good,20.034,0,1,0
raw_video_015_clip_0077.mp4,clips/raw_video_015/raw_video_015_clip_0077.mp4,raw_video_015.mp4,val,day,clear,good,20.033,0,1,0
raw_video_015_clip_0078.mp4,clips/raw_video_015/raw_video_015_clip_0078.mp4,raw_video_015.mp4,val,day,clear,good,20.033,1,1,0
raw_video_015_clip_0079.mp4,clips/raw_video_015/raw_video_015_clip_0079.mp4,raw_video_015.mp4,val,day,clear,good,20.033,0,1,0
raw_video_015_clip_0080.mp4,clips/raw_video_015/raw_video_015_clip_0080.mp4,raw_video_015.mp4,val,day,clear,good,20.034,1,1,0
raw_video_015_clip_0081.mp4,clips/raw_video_015/raw_video_015_clip_0081.mp4,raw_video_015.mp4,val,day,clear,good,20.034,0,1,0
raw_video_015_clip_0082.mp4,clips/raw_video_015/raw_video_015_clip_0082.mp4,raw_video_015.mp4,val,day,clear,good,20.033,0,1,0
raw_video_015_clip_0083.mp4,clips/raw_video_015/raw_video_015_clip_0083.mp4,raw_video_015.mp4,val,day,clear,good,20.034,0,1,0
raw_video_015_clip_0084.mp4,clips/raw_video_015/raw_video_015_clip_0084.mp4,raw_video_015.mp4,val,day,clear,good,20.034,0,1,0
raw_video_015_clip_0085.mp4,clips/raw_video_015/raw_video_015_clip_0085.mp4,raw_video_015.mp4,val,day,clear,good,20.033,0,1,0
raw_video_015_clip_0086.mp4,clips/raw_video_015/raw_video_015_clip_0086.mp4,raw_video_015.mp4,val,day,clear,good,20.033,0,1,0
raw_video_015_clip_0087.mp4,clips/raw_video_015/raw_video_015_clip_0087.mp4,raw_video_015.mp4,val,day,clear,good,20.034,1,1,0
raw_video_015_clip_0088.mp4,clips/raw_video_015/raw_video_015_clip_0088.mp4,raw_video_015.mp4,val,day,clear,good,20.033,0,1,0
raw_video_015_clip_0089.mp4,clips/raw_video_015/raw_video_015_clip_0089.mp4,raw_video_015.mp4,val,day,clear,good,19.032,0,1,0
raw_video_015_clip_0090.mp4,clips/raw_video_015/raw_video_015_clip_0090.mp4,raw_video_015.mp4,val,day,clear,good,20.034,0,1,0
raw_video_015_clip_0091.mp4,clips/raw_video_015/raw_video_015_clip_0091.mp4,raw_video_015.mp4,val,day,clear,good,20.034,0,1,0
raw_video_015_clip_0092.mp4,clips/raw_video_015/raw_video_015_clip_0092.mp4,raw_video_015.mp4,val,day,clear,good,20.033,0,1,0
raw_video_015_clip_0093.mp4,clips/raw_video_015/raw_video_015_clip_0093.mp4,raw_video_015.mp4,val,day,clear,good,20.034,0,1,0
raw_video_015_clip_0094.mp4,clips/raw_video_015/raw_video_015_clip_0094.mp4,raw_video_015.mp4,val,day,clear,good,20.033,1,1,0
raw_video_015_clip_0095.mp4,clips/raw_video_015/raw_video_015_clip_0095.mp4,raw_video_015.mp4,val,day,clear,good,20.033,1,1,0
raw_video_015_clip_0096.mp4,clips/raw_video_015/raw_video_015_clip_0096.mp4,raw_video_015.mp4,val,day,clear,good,20.034,1,1,0
raw_video_015_clip_0097.mp4,clips/raw_video_015/raw_video_015_clip_0097.mp4,raw_video_015.mp4,val,day,clear,good,20.033,0,1,0
raw_video_015_clip_0098.mp4,clips/raw_video_015/raw_video_015_clip_0098.mp4,raw_video_015.mp4,val,day,clear,good,20.034,0,1,0
raw_video_015_clip_0099.mp4,clips/raw_video_015/raw_video_015_clip_0099.mp4,raw_video_015.mp4,val,day,clear,good,20.034,0,1,0
raw_video_015_clip_0100.mp4,clips/raw_video_015/raw_video_015_clip_0100.mp4,raw_video_015.mp4,val,day,clear,good,20.032,0,1,0
raw_video_015_clip_0101.mp4,clips/raw_video_015/raw_video_015_clip_0101.mp4,raw_video_015.mp4,val,day,clear,good,20.034,0,1,0
raw_video_015_clip_0102.mp4,clips/raw_video_015/raw_video_015_clip_0102.mp4,raw_video_015.mp4,val,day,clear,good,20.034,0,1,0
raw_video_015_clip_0103.mp4,clips/raw_video_015/raw_video_015_clip_0103.mp4,raw_video_015.mp4,val,day,clear,good,20.033,0,1,0
raw_video_015_clip_0104.mp4,clips/raw_video_015/raw_video_015_clip_0104.mp4,raw_video_015.mp4,val,day,clear,good,12.68,0,1,0
raw_video_016_clip_0000.mp4,clips/raw_video_016/raw_video_016_clip_0000.mp4,raw_video_016.mp4,train,day,clear,good,20.034,0,0,0
raw_video_016_clip_0001.mp4,clips/raw_video_016/raw_video_016_clip_0001.mp4,raw_video_016.mp4,train,day,clear,good,20.033,0,0,0
raw_video_016_clip_0002.mp4,clips/raw_video_016/raw_video_016_clip_0002.mp4,raw_video_016.mp4,train,day,clear,good,20.034,0,0,0
raw_video_016_clip_0003.mp4,clips/raw_video_016/raw_video_016_clip_0003.mp4,raw_video_016.mp4,train,day,clear,good,20.033,1,0,0
raw_video_016_clip_0004.mp4,clips/raw_video_016/raw_video_016_clip_0004.mp4,raw_video_016.mp4,train,day,clear,good,20.033,0,0,0
raw_video_016_clip_0005.mp4,clips/raw_video_016/raw_video_016_clip_0005.mp4,raw_video_016.mp4,train,day,clear,good,20.033,0,0,0
raw_video_016_clip_0007.mp4,clips/raw_video_016/raw_video_016_clip_0007.mp4,raw_video_016.mp4,train,day,clear,good,20.034,0,0,0
raw_video_016_clip_0008.mp4,clips/raw_video_016/raw_video_016_clip_0008.mp4,raw_video_016.mp4,train,day,clear,good,20.033,0,0,0
raw_video_016_clip_0009.mp4,clips/raw_video_016/raw_video_016_clip_0009.mp4,raw_video_016.mp4,train,day,clear,good,20.033,1,0,0
raw_video_016_clip_0010.mp4,clips/raw_video_016/raw_video_016_clip_0010.mp4,raw_video_016.mp4,train,day,clear,good,20.033,0,0,0
raw_video_016_clip_0011.mp4,clips/raw_video_016/raw_video_016_clip_0011.mp4,raw_video_016.mp4,train,day,clear,good,20.033,0,0,0
raw_video_016_clip_0012.mp4,clips/raw_video_016/raw_video_016_clip_0012.mp4,raw_video_016.mp4,train,day,clear,good,20.034,0,0,0
raw_video_016_clip_0013.mp4,clips/raw_video_016/raw_video_016_clip_0013.mp4,raw_video_016.mp4,train,day,clear,good,20.033,0,0,0
raw_video_016_clip_0014.mp4,clips/raw_video_016/raw_video_016_clip_0014.mp4,raw_video_016.mp4,train,day,clear,good,20.033,1,0,0
raw_video_016_clip_0015.mp4,clips/raw_video_016/raw_video_016_clip_0015.mp4,raw_video_016.mp4,train,day,clear,good,20.034,0,0,0
raw_video_016_clip_0016.mp4,clips/raw_video_016/raw_video_016_clip_0016.mp4,raw_video_016.mp4,train,day,clear,good,20.033,0,0,0
raw_video_016_clip_0017.mp4,clips/raw_video_016/raw_video_016_clip_0017.mp4,raw_video_016.mp4,train,day,clear,good,20.033,0,0,0
raw_video_016_clip_0018.mp4,clips/raw_video_016/raw_video_016_clip_0018.mp4,raw_video_016.mp4,train,day,clear,good,20.033,0,0,0
raw_video_016_clip_0019.mp4,clips/raw_video_016/raw_video_016_clip_0019.mp4,raw_video_016.mp4,train,day,clear,good,20.033,1,0,0
raw_video_016_clip_0020.mp4,clips/raw_video_016/raw_video_016_clip_0020.mp4,raw_video_016.mp4,train,day,clear,good,20.033,0,0,0
raw_video_016_clip_0021.mp4,clips/raw_video_016/raw_video_016_clip_0021.mp4,raw_video_016.mp4,train,day,clear,good,20.033,0,0,0
raw_video_016_clip_0022.mp4,clips/raw_video_016/raw_video_016_clip_0022.mp4,raw_video_016.mp4,train,day,clear,good,20.033,1,0,0
raw_video_016_clip_0023.mp4,clips/raw_video_016/raw_video_016_clip_0023.mp4,raw_video_016.mp4,train,day,clear,good,20.034,0,0,0
raw_video_016_clip_0024.mp4,clips/raw_video_016/raw_video_016_clip_0024.mp4,raw_video_016.mp4,train,day,clear,good,20.034,0,0,0
raw_video_016_clip_0025.mp4,clips/raw_video_016/raw_video_016_clip_0025.mp4,raw_video_016.mp4,train,day,clear,good,20.033,0,0,0
raw_video_016_clip_0026.mp4,clips/raw_video_016/raw_video_016_clip_0026.mp4,raw_video_016.mp4,train,day,clear,good,20.033,0,0,0
raw_video_016_clip_0027.mp4,clips/raw_video_016/raw_video_016_clip_0027.mp4,raw_video_016.mp4,train,day,clear,good,20.033,0,0,0
raw_video_016_clip_0028.mp4,clips/raw_video_016/raw_video_016_clip_0028.mp4,raw_video_016.mp4,train,day,clear,good,20.034,0,0,0
raw_video_016_clip_0029.mp4,clips/raw_video_016/raw_video_016_clip_0029.mp4,raw_video_016.mp4,train,day,clear,good,19.032,1,0,0
raw_video_016_clip_0030.mp4,clips/raw_video_016/raw_video_016_clip_0030.mp4,raw_video_016.mp4,train,day,clear,good,20.033,1,0,0
raw_video_016_clip_0031.mp4,clips/raw_video_016/raw_video_016_clip_0031.mp4,raw_video_016.mp4,train,day,clear,good,20.033,0,0,0
raw_video_016_clip_0032.mp4,clips/raw_video_016/raw_video_016_clip_0032.mp4,raw_video_016.mp4,train,day,clear,good,20.033,1,0,0
raw_video_016_clip_0033.mp4,clips/raw_video_016/raw_video_016_clip_0033.mp4,raw_video_016.mp4,train,day,clear,good,20.033,0,0,0
raw_video_016_clip_0034.mp4,clips/raw_video_016/raw_video_016_clip_0034.mp4,raw_video_016.mp4,train,day,clear,good,20.033,0,0,0
raw_video_016_clip_0035.mp4,clips/raw_video_016/raw_video_016_clip_0035.mp4,raw_video_016.mp4,train,day,clear,good,20.033,0,0,0
raw_video_016_clip_0036.mp4,clips/raw_video_016/raw_video_016_clip_0036.mp4,raw_video_016.mp4,train,day,clear,good,20.033,0,0,0
raw_video_016_clip_0037.mp4,clips/raw_video_016/raw_video_016_clip_0037.mp4,raw_video_016.mp4,train,day,clear,good,20.033,1,0,0
raw_video_016_clip_0038.mp4,clips/raw_video_016/raw_video_016_clip_0038.mp4,raw_video_016.mp4,train,day,clear,good,20.033,1,0,0
raw_video_016_clip_0039.mp4,clips/raw_video_016/raw_video_016_clip_0039.mp4,raw_video_016.mp4,train,day,clear,good,20.033,0,0,0
raw_video_016_clip_0040.mp4,clips/raw_video_016/raw_video_016_clip_0040.mp4,raw_video_016.mp4,train,day,clear,good,20.033,0,0,0
raw_video_016_clip_0041.mp4,clips/raw_video_016/raw_video_016_clip_0041.mp4,raw_video_016.mp4,train,day,clear,good,20.033,1,0,0
raw_video_016_clip_0042.mp4,clips/raw_video_016/raw_video_016_clip_0042.mp4,raw_video_016.mp4,train,day,clear,good,20.033,1,0,0
raw_video_016_clip_0043.mp4,clips/raw_video_016/raw_video_016_clip_0043.mp4,raw_video_016.mp4,train,day,clear,good,20.033,1,0,0
raw_video_016_clip_0044.mp4,clips/raw_video_016/raw_video_016_clip_0044.mp4,raw_video_016.mp4,train,day,clear,good,20.034,1,0,0
raw_video_016_clip_0045.mp4,clips/raw_video_016/raw_video_016_clip_0045.mp4,raw_video_016.mp4,train,day,clear,good,20.033,1,0,0
raw_video_016_clip_0046.mp4,clips/raw_video_016/raw_video_016_clip_0046.mp4,raw_video_016.mp4,train,day,clear,good,20.033,0,0,0
raw_video_016_clip_0047.mp4,clips/raw_video_016/raw_video_016_clip_0047.mp4,raw_video_016.mp4,train,day,clear,good,20.034,0,0,0
raw_video_016_clip_0048.mp4,clips/raw_video_016/raw_video_016_clip_0048.mp4,raw_video_016.mp4,train,day,clear,good,20.033,0,0,0
raw_video_016_clip_0049.mp4,clips/raw_video_016/raw_video_016_clip_0049.mp4,raw_video_016.mp4,train,day,clear,good,20.033,0,0,0
raw_video_016_clip_0050.mp4,clips/raw_video_016/raw_video_016_clip_0050.mp4,raw_video_016.mp4,train,day,clear,good,20.034,0,0,0
raw_video_016_clip_0051.mp4,clips/raw_video_016/raw_video_016_clip_0051.mp4,raw_video_016.mp4,train,day,clear,good,20.033,0,0,0
raw_video_016_clip_0052.mp4,clips/raw_video_016/raw_video_016_clip_0052.mp4,raw_video_016.mp4,train,day,clear,good,20.033,0,0,0
raw_video_016_clip_0053.mp4,clips/raw_video_016/raw_video_016_clip_0053.mp4,raw_video_016.mp4,train,day,clear,good,20.033,0,0,0
raw_video_016_clip_0054.mp4,clips/raw_video_016/raw_video_016_clip_0054.mp4,raw_video_016.mp4,train,day,clear,good,20.033,0,0,0
raw_video_016_clip_0055.mp4,clips/raw_video_016/raw_video_016_clip_0055.mp4,raw_video_016.mp4,train,day,clear,good,20.034,0,0,0
raw_video_016_clip_0056.mp4,clips/raw_video_016/raw_video_016_clip_0056.mp4,raw_video_016.mp4,train,day,clear,good,20.034,0,0,0
raw_video_016_clip_0057.mp4,clips/raw_video_016/raw_video_016_clip_0057.mp4,raw_video_016.mp4,train,day,clear,good,20.033,0,0,0
raw_video_016_clip_0058.mp4,clips/raw_video_016/raw_video_016_clip_0058.mp4,raw_video_016.mp4,train,day,clear,good,20.033,0,0,0
raw_video_016_clip_0059.mp4,clips/raw_video_016/raw_video_016_clip_0059.mp4,raw_video_016.mp4,train,day,clear,good,19.032,0,0,0
raw_video_016_clip_0060.mp4,clips/raw_video_016/raw_video_016_clip_0060.mp4,raw_video_016.mp4,train,day,clear,good,20.033,0,0,0
raw_video_016_clip_0061.mp4,clips/raw_video_016/raw_video_016_clip_0061.mp4,raw_video_016.mp4,train,day,clear,good,20.034,0,0,0
raw_video_016_clip_0062.mp4,clips/raw_video_016/raw_video_016_clip_0062.mp4,raw_video_016.mp4,train,day,clear,good,20.033,0,0,0
raw_video_016_clip_0063.mp4,clips/raw_video_016/raw_video_016_clip_0063.mp4,raw_video_016.mp4,train,day,clear,good,20.067,0,0,0
raw_video_016_clip_0064.mp4,clips/raw_video_016/raw_video_016_clip_0064.mp4,raw_video_016.mp4,train,day,clear,good,20.034,0,0,0
raw_video_016_clip_0065.mp4,clips/raw_video_016/raw_video_016_clip_0065.mp4,raw_video_016.mp4,train,day,clear,good,20.034,1,0,0
raw_video_016_clip_0066.mp4,clips/raw_video_016/raw_video_016_clip_0066.mp4,raw_video_016.mp4,train,day,clear,good,20.033,1,0,0
raw_video_016_clip_0067.mp4,clips/raw_video_016/raw_video_016_clip_0067.mp4,raw_video_016.mp4,train,day,clear,good,20.033,0,0,0
raw_video_016_clip_0068.mp4,clips/raw_video_016/raw_video_016_clip_0068.mp4,raw_video_016.mp4,train,day,clear,good,20.033,0,0,0
raw_video_016_clip_0069.mp4,clips/raw_video_016/raw_video_016_clip_0069.mp4,raw_video_016.mp4,train,day,clear,good,20.033,1,0,0
raw_video_016_clip_0070.mp4,clips/raw_video_016/raw_video_016_clip_0070.mp4,raw_video_016.mp4,train,day,clear,good,20.033,0,0,0
raw_video_016_clip_0071.mp4,clips/raw_video_016/raw_video_016_clip_0071.mp4,raw_video_016.mp4,train,day,clear,good,20.034,1,0,0
raw_video_016_clip_0072.mp4,clips/raw_video_016/raw_video_016_clip_0072.mp4,raw_video_016.mp4,train,day,clear,good,20.034,0,0,0
raw_video_016_clip_0073.mp4,clips/raw_video_016/raw_video_016_clip_0073.mp4,raw_video_016.mp4,train,day,clear,good,20.033,0,0,0
raw_video_016_clip_0074.mp4,clips/raw_video_016/raw_video_016_clip_0074.mp4,raw_video_016.mp4,train,day,clear,good,20.033,0,0,0
raw_video_016_clip_0075.mp4,clips/raw_video_016/raw_video_016_clip_0075.mp4,raw_video_016.mp4,train,day,clear,good,20.033,0,0,0
raw_video_016_clip_0076.mp4,clips/raw_video_016/raw_video_016_clip_0076.mp4,raw_video_016.mp4,train,day,clear,good,20.033,0,0,0
raw_video_016_clip_0077.mp4,clips/raw_video_016/raw_video_016_clip_0077.mp4,raw_video_016.mp4,train,day,clear,good,20.033,0,0,0
raw_video_016_clip_0078.mp4,clips/raw_video_016/raw_video_016_clip_0078.mp4,raw_video_016.mp4,train,day,clear,good,20.033,0,0,0
raw_video_016_clip_0079.mp4,clips/raw_video_016/raw_video_016_clip_0079.mp4,raw_video_016.mp4,train,day,clear,good,20.034,0,0,0
raw_video_016_clip_0080.mp4,clips/raw_video_016/raw_video_016_clip_0080.mp4,raw_video_016.mp4,train,day,clear,good,20.034,0,0,0
raw_video_016_clip_0081.mp4,clips/raw_video_016/raw_video_016_clip_0081.mp4,raw_video_016.mp4,train,day,clear,good,20.033,1,0,0
raw_video_016_clip_0082.mp4,clips/raw_video_016/raw_video_016_clip_0082.mp4,raw_video_016.mp4,train,day,clear,good,20.033,1,0,0
raw_video_016_clip_0083.mp4,clips/raw_video_016/raw_video_016_clip_0083.mp4,raw_video_016.mp4,train,day,clear,good,20.034,1,0,0
raw_video_016_clip_0084.mp4,clips/raw_video_016/raw_video_016_clip_0084.mp4,raw_video_016.mp4,train,day,clear,good,20.034,0,0,0
raw_video_016_clip_0085.mp4,clips/raw_video_016/raw_video_016_clip_0085.mp4,raw_video_016.mp4,train,day,clear,good,20.033,0,0,0
raw_video_016_clip_0086.mp4,clips/raw_video_016/raw_video_016_clip_0086.mp4,raw_video_016.mp4,train,day,clear,good,20.033,0,0,0
raw_video_016_clip_0087.mp4,clips/raw_video_016/raw_video_016_clip_0087.mp4,raw_video_016.mp4,train,day,clear,good,20.033,0,0,0
raw_video_016_clip_0088.mp4,clips/raw_video_016/raw_video_016_clip_0088.mp4,raw_video_016.mp4,train,day,clear,good,19.032,0,0,0
raw_video_016_clip_0089.mp4,clips/raw_video_016/raw_video_016_clip_0089.mp4,raw_video_016.mp4,train,day,clear,good,20.033,0,0,0
raw_video_016_clip_0090.mp4,clips/raw_video_016/raw_video_016_clip_0090.mp4,raw_video_016.mp4,train,day,clear,good,20.033,0,0,0
raw_video_016_clip_0091.mp4,clips/raw_video_016/raw_video_016_clip_0091.mp4,raw_video_016.mp4,train,day,clear,good,20.034,0,0,0
raw_video_016_clip_0092.mp4,clips/raw_video_016/raw_video_016_clip_0092.mp4,raw_video_016.mp4,train,day,clear,good,20.033,0,0,0
raw_video_016_clip_0093.mp4,clips/raw_video_016/raw_video_016_clip_0093.mp4,raw_video_016.mp4,train,day,clear,good,20.033,0,0,0
raw_video_016_clip_0094.mp4,clips/raw_video_016/raw_video_016_clip_0094.mp4,raw_video_016.mp4,train,day,clear,good,20.033,0,0,0
raw_video_016_clip_0095.mp4,clips/raw_video_016/raw_video_016_clip_0095.mp4,raw_video_016.mp4,train,day,clear,good,20.034,1,0,0
raw_video_016_clip_0098.mp4,clips/raw_video_016/raw_video_016_clip_0098.mp4,raw_video_016.mp4,train,day,clear,good,20.034,0,0,0
raw_video_016_clip_0101.mp4,clips/raw_video_016/raw_video_016_clip_0101.mp4,raw_video_016.mp4,train,day,clear,good,20.033,0,0,0
raw_video_016_clip_0103.mp4,clips/raw_video_016/raw_video_016_clip_0103.mp4,raw_video_016.mp4,train,day,clear,good,20.034,1,0,0
raw_video_016_clip_0104.mp4,clips/raw_video_016/raw_video_016_clip_0104.mp4,raw_video_016.mp4,train,day,clear,good,20.033,1,0,0
raw_video_016_clip_0105.mp4,clips/raw_video_016/raw_video_016_clip_0105.mp4,raw_video_016.mp4,train,day,clear,good,20.033,0,0,0
raw_video_016_clip_0106.mp4,clips/raw_video_016/raw_video_016_clip_0106.mp4,raw_video_016.mp4,train,day,clear,good,20.033,0,0,0
raw_video_016_clip_0107.mp4,clips/raw_video_016/raw_video_016_clip_0107.mp4,raw_video_016.mp4,train,day,clear,good,20.033,0,0,0
raw_video_016_clip_0108.mp4,clips/raw_video_016/raw_video_016_clip_0108.mp4,raw_video_016.mp4,train,day,clear,good,20.034,0,0,0
raw_video_016_clip_0109.mp4,clips/raw_video_016/raw_video_016_clip_0109.mp4,raw_video_016.mp4,train,day,clear,good,20.033,0,0,0
raw_video_016_clip_0110.mp4,clips/raw_video_016/raw_video_016_clip_0110.mp4,raw_video_016.mp4,train,day,clear,good,20.033,0,0,0
raw_video_016_clip_0111.mp4,clips/raw_video_016/raw_video_016_clip_0111.mp4,raw_video_016.mp4,train,day,clear,good,20.033,0,0,0
raw_video_016_clip_0112.mp4,clips/raw_video_016/raw_video_016_clip_0112.mp4,raw_video_016.mp4,train,day,clear,good,20.033,1,0,0
raw_video_016_clip_0113.mp4,clips/raw_video_016/raw_video_016_clip_0113.mp4,raw_video_016.mp4,train,day,clear,good,20.034,1,0,0
raw_video_016_clip_0114.mp4,clips/raw_video_016/raw_video_016_clip_0114.mp4,raw_video_016.mp4,train,day,clear,good,20.033,0,0,0
raw_video_016_clip_0115.mp4,clips/raw_video_016/raw_video_016_clip_0115.mp4,raw_video_016.mp4,train,day,clear,good,20.033,0,0,0
raw_video_016_clip_0116.mp4,clips/raw_video_016/raw_video_016_clip_0116.mp4,raw_video_016.mp4,train,day,clear,good,20.033,1,0,0
raw_video_016_clip_0117.mp4,clips/raw_video_016/raw_video_016_clip_0117.mp4,raw_video_016.mp4,train,day,clear,good,20.033,1,0,0
raw_video_016_clip_0118.mp4,clips/raw_video_016/raw_video_016_clip_0118.mp4,raw_video_016.mp4,train,day,clear,good,19.032,0,0,0
raw_video_016_clip_0119.mp4,clips/raw_video_016/raw_video_016_clip_0119.mp4,raw_video_016.mp4,train,day,clear,good,20.034,0,0,0
raw_video_016_clip_0120.mp4,clips/raw_video_016/raw_video_016_clip_0120.mp4,raw_video_016.mp4,train,day,clear,good,20.033,0,0,0
raw_video_016_clip_0121.mp4,clips/raw_video_016/raw_video_016_clip_0121.mp4,raw_video_016.mp4,train,day,clear,good,20.033,0,0,0
raw_video_016_clip_0122.mp4,clips/raw_video_016/raw_video_016_clip_0122.mp4,raw_video_016.mp4,train,day,clear,good,20.034,0,0,0
raw_video_016_clip_0123.mp4,clips/raw_video_016/raw_video_016_clip_0123.mp4,raw_video_016.mp4,train,day,clear,good,20.033,0,0,0
raw_video_016_clip_0124.mp4,clips/raw_video_016/raw_video_016_clip_0124.mp4,raw_video_016.mp4,train,day,clear,good,20.033,0,0,0
raw_video_016_clip_0125.mp4,clips/raw_video_016/raw_video_016_clip_0125.mp4,raw_video_016.mp4,train,day,clear,good,20.033,0,0,0
raw_video_016_clip_0126.mp4,clips/raw_video_016/raw_video_016_clip_0126.mp4,raw_video_016.mp4,train,day,clear,good,20.033,0,0,0
raw_video_016_clip_0127.mp4,clips/raw_video_016/raw_video_016_clip_0127.mp4,raw_video_016.mp4,train,day,clear,good,20.033,0,0,0
raw_video_016_clip_0128.mp4,clips/raw_video_016/raw_video_016_clip_0128.mp4,raw_video_016.mp4,train,day,clear,good,20.033,0,0,0
raw_video_016_clip_0129.mp4,clips/raw_video_016/raw_video_016_clip_0129.mp4,raw_video_016.mp4,train,day,clear,good,20.033,0,0,0
raw_video_016_clip_0130.mp4,clips/raw_video_016/raw_video_016_clip_0130.mp4,raw_video_016.mp4,train,day,clear,good,18.264,0,0,0
raw_video_017_clip_0000.mp4,clips/raw_video_017/raw_video_017_clip_0000.mp4,raw_video_017.mp4,train,day,clear,good,20.033,0,0,0
raw_video_017_clip_0001.mp4,clips/raw_video_017/raw_video_017_clip_0001.mp4,raw_video_017.mp4,train,day,clear,good,20.033,0,0,0
raw_video_017_clip_0002.mp4,clips/raw_video_017/raw_video_017_clip_0002.mp4,raw_video_017.mp4,train,day,clear,good,20.033,1,0,0
raw_video_017_clip_0003.mp4,clips/raw_video_017/raw_video_017_clip_0003.mp4,raw_video_017.mp4,train,day,clear,good,20.033,1,0,0
raw_video_017_clip_0004.mp4,clips/raw_video_017/raw_video_017_clip_0004.mp4,raw_video_017.mp4,train,day,clear,good,20.033,0,0,0
raw_video_017_clip_0005.mp4,clips/raw_video_017/raw_video_017_clip_0005.mp4,raw_video_017.mp4,train,day,clear,good,20.033,0,0,0
raw_video_017_clip_0006.mp4,clips/raw_video_017/raw_video_017_clip_0006.mp4,raw_video_017.mp4,train,day,clear,good,20.034,0,0,0
raw_video_017_clip_0007.mp4,clips/raw_video_017/raw_video_017_clip_0007.mp4,raw_video_017.mp4,train,day,clear,good,20.033,0,0,0
raw_video_017_clip_0008.mp4,clips/raw_video_017/raw_video_017_clip_0008.mp4,raw_video_017.mp4,train,day,clear,good,20.033,1,0,0
raw_video_017_clip_0009.mp4,clips/raw_video_017/raw_video_017_clip_0009.mp4,raw_video_017.mp4,train,day,clear,good,20.034,0,0,0
raw_video_017_clip_0010.mp4,clips/raw_video_017/raw_video_017_clip_0010.mp4,raw_video_017.mp4,train,day,clear,good,20.033,0,0,0
raw_video_017_clip_0011.mp4,clips/raw_video_017/raw_video_017_clip_0011.mp4,raw_video_017.mp4,train,day,clear,good,20.033,1,0,0
raw_video_017_clip_0012.mp4,clips/raw_video_017/raw_video_017_clip_0012.mp4,raw_video_017.mp4,train,day,clear,good,20.033,0,0,0
raw_video_017_clip_0013.mp4,clips/raw_video_017/raw_video_017_clip_0013.mp4,raw_video_017.mp4,train,day,clear,good,20.033,0,0,0
raw_video_017_clip_0014.mp4,clips/raw_video_017/raw_video_017_clip_0014.mp4,raw_video_017.mp4,train,day,clear,good,20.033,1,0,0
raw_video_017_clip_0015.mp4,clips/raw_video_017/raw_video_017_clip_0015.mp4,raw_video_017.mp4,train,day,clear,good,20.033,0,0,0
raw_video_017_clip_0016.mp4,clips/raw_video_017/raw_video_017_clip_0016.mp4,raw_video_017.mp4,train,day,clear,good,20.033,0,0,0
raw_video_017_clip_0017.mp4,clips/raw_video_017/raw_video_017_clip_0017.mp4,raw_video_017.mp4,train,day,clear,good,20.033,1,0,0
raw_video_017_clip_0018.mp4,clips/raw_video_017/raw_video_017_clip_0018.mp4,raw_video_017.mp4,train,day,clear,good,20.033,0,0,0
raw_video_017_clip_0019.mp4,clips/raw_video_017/raw_video_017_clip_0019.mp4,raw_video_017.mp4,train,day,clear,good,20.033,0,0,0
raw_video_017_clip_0020.mp4,clips/raw_video_017/raw_video_017_clip_0020.mp4,raw_video_017.mp4,train,day,clear,good,20.033,1,0,0
raw_video_017_clip_0021.mp4,clips/raw_video_017/raw_video_017_clip_0021.mp4,raw_video_017.mp4,train,day,clear,good,20.034,0,0,0
raw_video_017_clip_0022.mp4,clips/raw_video_017/raw_video_017_clip_0022.mp4,raw_video_017.mp4,train,day,clear,good,20.033,1,0,0
raw_video_017_clip_0023.mp4,clips/raw_video_017/raw_video_017_clip_0023.mp4,raw_video_017.mp4,train,day,clear,good,20.033,1,0,0
raw_video_017_clip_0024.mp4,clips/raw_video_017/raw_video_017_clip_0024.mp4,raw_video_017.mp4,train,day,clear,good,20.034,1,0,0
raw_video_017_clip_0025.mp4,clips/raw_video_017/raw_video_017_clip_0025.mp4,raw_video_017.mp4,train,day,clear,good,20.034,0,0,0
raw_video_017_clip_0026.mp4,clips/raw_video_017/raw_video_017_clip_0026.mp4,raw_video_017.mp4,train,day,clear,good,20.034,0,0,0
raw_video_017_clip_0027.mp4,clips/raw_video_017/raw_video_017_clip_0027.mp4,raw_video_017.mp4,train,day,clear,good,20.033,1,0,0
raw_video_017_clip_0028.mp4,clips/raw_video_017/raw_video_017_clip_0028.mp4,raw_video_017.mp4,train,day,clear,good,20.033,0,0,0
raw_video_017_clip_0029.mp4,clips/raw_video_017/raw_video_017_clip_0029.mp4,raw_video_017.mp4,train,day,clear,good,19.032,1,0,0
raw_video_017_clip_0030.mp4,clips/raw_video_017/raw_video_017_clip_0030.mp4,raw_video_017.mp4,train,day,clear,good,20.034,1,0,0
raw_video_017_clip_0031.mp4,clips/raw_video_017/raw_video_017_clip_0031.mp4,raw_video_017.mp4,train,day,clear,good,20.034,0,0,0
raw_video_017_clip_0032.mp4,clips/raw_video_017/raw_video_017_clip_0032.mp4,raw_video_017.mp4,train,day,clear,good,20.034,0,0,0
raw_video_017_clip_0033.mp4,clips/raw_video_017/raw_video_017_clip_0033.mp4,raw_video_017.mp4,train,day,clear,good,20.034,0,0,0
raw_video_017_clip_0034.mp4,clips/raw_video_017/raw_video_017_clip_0034.mp4,raw_video_017.mp4,train,day,clear,good,20.033,1,0,0
raw_video_017_clip_0035.mp4,clips/raw_video_017/raw_video_017_clip_0035.mp4,raw_video_017.mp4,train,day,clear,good,20.033,0,0,0
raw_video_017_clip_0036.mp4,clips/raw_video_017/raw_video_017_clip_0036.mp4,raw_video_017.mp4,train,day,clear,good,20.033,0,0,0
raw_video_017_clip_0037.mp4,clips/raw_video_017/raw_video_017_clip_0037.mp4,raw_video_017.mp4,train,day,clear,good,20.034,0,0,0
raw_video_017_clip_0038.mp4,clips/raw_video_017/raw_video_017_clip_0038.mp4,raw_video_017.mp4,train,day,clear,good,20.033,0,0,0
raw_video_017_clip_0039.mp4,clips/raw_video_017/raw_video_017_clip_0039.mp4,raw_video_017.mp4,train,day,clear,good,20.033,0,0,0
raw_video_017_clip_0040.mp4,clips/raw_video_017/raw_video_017_clip_0040.mp4,raw_video_017.mp4,train,day,clear,good,20.033,0,0,0
raw_video_017_clip_0041.mp4,clips/raw_video_017/raw_video_017_clip_0041.mp4,raw_video_017.mp4,train,day,clear,good,20.033,1,0,0
raw_video_017_clip_0042.mp4,clips/raw_video_017/raw_video_017_clip_0042.mp4,raw_video_017.mp4,train,day,clear,good,20.034,0,0,0
raw_video_017_clip_0043.mp4,clips/raw_video_017/raw_video_017_clip_0043.mp4,raw_video_017.mp4,train,day,clear,good,20.033,1,0,0
raw_video_017_clip_0044.mp4,clips/raw_video_017/raw_video_017_clip_0044.mp4,raw_video_017.mp4,train,day,clear,good,20.033,1,0,0
raw_video_017_clip_0045.mp4,clips/raw_video_017/raw_video_017_clip_0045.mp4,raw_video_017.mp4,train,day,clear,good,20.033,0,0,0
raw_video_017_clip_0046.mp4,clips/raw_video_017/raw_video_017_clip_0046.mp4,raw_video_017.mp4,train,day,clear,good,20.033,0,0,0
raw_video_017_clip_0047.mp4,clips/raw_video_017/raw_video_017_clip_0047.mp4,raw_video_017.mp4,train,day,clear,good,20.033,0,0,0
raw_video_017_clip_0048.mp4,clips/raw_video_017/raw_video_017_clip_0048.mp4,raw_video_017.mp4,train,day,clear,good,20.033,0,0,0
raw_video_017_clip_0049.mp4,clips/raw_video_017/raw_video_017_clip_0049.mp4,raw_video_017.mp4,train,day,clear,good,20.033,0,0,0
raw_video_017_clip_0050.mp4,clips/raw_video_017/raw_video_017_clip_0050.mp4,raw_video_017.mp4,train,day,clear,good,20.033,0,0,0
raw_video_017_clip_0051.mp4,clips/raw_video_017/raw_video_017_clip_0051.mp4,raw_video_017.mp4,train,day,clear,good,20.033,0,0,0
raw_video_017_clip_0052.mp4,clips/raw_video_017/raw_video_017_clip_0052.mp4,raw_video_017.mp4,train,day,clear,good,20.033,1,0,0
raw_video_017_clip_0053.mp4,clips/raw_video_017/raw_video_017_clip_0053.mp4,raw_video_017.mp4,train,day,clear,good,20.032,0,0,0
raw_video_017_clip_0054.mp4,clips/raw_video_017/raw_video_017_clip_0054.mp4,raw_video_017.mp4,train,day,clear,good,20.033,1,0,0
raw_video_017_clip_0055.mp4,clips/raw_video_017/raw_video_017_clip_0055.mp4,raw_video_017.mp4,train,day,clear,good,20.034,0,0,0
raw_video_017_clip_0056.mp4,clips/raw_video_017/raw_video_017_clip_0056.mp4,raw_video_017.mp4,train,day,clear,good,20.034,0,0,0
raw_video_017_clip_0057.mp4,clips/raw_video_017/raw_video_017_clip_0057.mp4,raw_video_017.mp4,train,day,clear,good,20.032,1,0,0
raw_video_017_clip_0058.mp4,clips/raw_video_017/raw_video_017_clip_0058.mp4,raw_video_017.mp4,train,day,clear,good,20.036,0,0,0
raw_video_017_clip_0059.mp4,clips/raw_video_017/raw_video_017_clip_0059.mp4,raw_video_017.mp4,train,day,clear,good,19.032,1,0,0
raw_video_017_clip_0060.mp4,clips/raw_video_017/raw_video_017_clip_0060.mp4,raw_video_017.mp4,train,day,clear,good,20.032,0,0,0
raw_video_017_clip_0061.mp4,clips/raw_video_017/raw_video_017_clip_0061.mp4,raw_video_017.mp4,train,day,clear,good,20.236,0,0,0
raw_video_017_clip_0062.mp4,clips/raw_video_017/raw_video_017_clip_0062.mp4,raw_video_017.mp4,train,day,clear,good,20.034,1,0,0
raw_video_017_clip_0063.mp4,clips/raw_video_017/raw_video_017_clip_0063.mp4,raw_video_017.mp4,train,day,clear,good,20.033,0,0,0
raw_video_017_clip_0064.mp4,clips/raw_video_017/raw_video_017_clip_0064.mp4,raw_video_017.mp4,train,day,clear,good,20.033,1,0,0
raw_video_017_clip_0065.mp4,clips/raw_video_017/raw_video_017_clip_0065.mp4,raw_video_017.mp4,train,day,clear,good,20.034,0,0,0
raw_video_017_clip_0066.mp4,clips/raw_video_017/raw_video_017_clip_0066.mp4,raw_video_017.mp4,train,day,clear,good,20.033,0,0,0
raw_video_017_clip_0067.mp4,clips/raw_video_017/raw_video_017_clip_0067.mp4,raw_video_017.mp4,train,day,clear,good,20.033,1,0,0
raw_video_017_clip_0068.mp4,clips/raw_video_017/raw_video_017_clip_0068.mp4,raw_video_017.mp4,train,day,clear,good,20.033,0,0,0
raw_video_017_clip_0069.mp4,clips/raw_video_017/raw_video_017_clip_0069.mp4,raw_video_017.mp4,train,day,clear,good,20.033,1,0,0
raw_video_017_clip_0070.mp4,clips/raw_video_017/raw_video_017_clip_0070.mp4,raw_video_017.mp4,train,day,clear,good,20.034,0,0,0
raw_video_017_clip_0071.mp4,clips/raw_video_017/raw_video_017_clip_0071.mp4,raw_video_017.mp4,train,day,clear,good,20.034,0,0,0
raw_video_017_clip_0072.mp4,clips/raw_video_017/raw_video_017_clip_0072.mp4,raw_video_017.mp4,train,day,clear,good,20.033,1,0,0
raw_video_017_clip_0073.mp4,clips/raw_video_017/raw_video_017_clip_0073.mp4,raw_video_017.mp4,train,day,clear,good,20.034,1,0,0
raw_video_017_clip_0074.mp4,clips/raw_video_017/raw_video_017_clip_0074.mp4,raw_video_017.mp4,train,day,clear,good,20.034,0,0,0
raw_video_017_clip_0075.mp4,clips/raw_video_017/raw_video_017_clip_0075.mp4,raw_video_017.mp4,train,day,clear,good,20.033,1,0,0
raw_video_017_clip_0076.mp4,clips/raw_video_017/raw_video_017_clip_0076.mp4,raw_video_017.mp4,train,day,clear,good,20.034,0,0,0
raw_video_017_clip_0077.mp4,clips/raw_video_017/raw_video_017_clip_0077.mp4,raw_video_017.mp4,train,day,clear,good,20.033,0,0,0
raw_video_017_clip_0078.mp4,clips/raw_video_017/raw_video_017_clip_0078.mp4,raw_video_017.mp4,train,day,clear,good,20.034,0,0,0
raw_video_017_clip_0079.mp4,clips/raw_video_017/raw_video_017_clip_0079.mp4,raw_video_017.mp4,train,day,clear,good,20.033,0,0,0
raw_video_017_clip_0080.mp4,clips/raw_video_017/raw_video_017_clip_0080.mp4,raw_video_017.mp4,train,day,clear,good,20.034,0,0,0
raw_video_017_clip_0081.mp4,clips/raw_video_017/raw_video_017_clip_0081.mp4,raw_video_017.mp4,train,day,clear,good,20.032,0,0,0
raw_video_018_clip_0000.mp4,clips/raw_video_018/raw_video_018_clip_0000.mp4,raw_video_018.mp4,test,night,glare,good,20.08,1,0,1
raw_video_018_clip_0001.mp4,clips/raw_video_018/raw_video_018_clip_0001.mp4,raw_video_018.mp4,test,night,clear,good,20.083,0,0,1
raw_video_018_clip_0002.mp4,clips/raw_video_018/raw_video_018_clip_0002.mp4,raw_video_018.mp4,test,night,clear,good,20.091,1,0,1
raw_video_018_clip_0003.mp4,clips/raw_video_018/raw_video_018_clip_0003.mp4,raw_video_018.mp4,test,night,glare,good,20.095,1,0,1
raw_video_018_clip_0004.mp4,clips/raw_video_018/raw_video_018_clip_0004.mp4,raw_video_018.mp4,test,night,clear,good,20.099,1,0,1
raw_video_018_clip_0005.mp4,clips/raw_video_018/raw_video_018_clip_0005.mp4,raw_video_018.mp4,test,night,clear,good,20.102,0,0,1
raw_video_018_clip_0006.mp4,clips/raw_video_018/raw_video_018_clip_0006.mp4,raw_video_018.mp4,test,night,clear,good,20.069,1,0,1
raw_video_018_clip_0007.mp4,clips/raw_video_018/raw_video_018_clip_0007.mp4,raw_video_018.mp4,test,night,clear,good,20.031,0,0,1
raw_video_018_clip_0008.mp4,clips/raw_video_018/raw_video_018_clip_0008.mp4,raw_video_018.mp4,test,night,glare,good,20.047,1,0,1
raw_video_018_clip_0009.mp4,clips/raw_video_018/raw_video_018_clip_0009.mp4,raw_video_018.mp4,test,night,clear,good,20.086,1,0,1
raw_video_018_clip_0010.mp4,clips/raw_video_018/raw_video_018_clip_0010.mp4,raw_video_018.mp4,test,night,glare,good,20.039,1,0,1
raw_video_018_clip_0011.mp4,clips/raw_video_018/raw_video_018_clip_0011.mp4,raw_video_018.mp4,test,night,clear,good,20.033,1,0,1
raw_video_018_clip_0012.mp4,clips/raw_video_018/raw_video_018_clip_0012.mp4,raw_video_018.mp4,test,night,clear,good,20.033,1,0,1
raw_video_018_clip_0013.mp4,clips/raw_video_018/raw_video_018_clip_0013.mp4,raw_video_018.mp4,test,night,clear,good,20.033,0,0,1
raw_video_018_clip_0014.mp4,clips/raw_video_018/raw_video_018_clip_0014.mp4,raw_video_018.mp4,test,night,clear,good,20.033,1,0,1
raw_video_018_clip_0015.mp4,clips/raw_video_018/raw_video_018_clip_0015.mp4,raw_video_018.mp4,test,night,clear,good,20.033,1,0,1
raw_video_018_clip_0016.mp4,clips/raw_video_018/raw_video_018_clip_0016.mp4,raw_video_018.mp4,test,night,clear,good,19.032,0,0,1
raw_video_018_clip_0017.mp4,clips/raw_video_018/raw_video_018_clip_0017.mp4,raw_video_018.mp4,test,night,clear,good,20.033,0,0,1
raw_video_018_clip_0018.mp4,clips/raw_video_018/raw_video_018_clip_0018.mp4,raw_video_018.mp4,test,night,clear,good,20.033,0,0,1
raw_video_018_clip_0019.mp4,clips/raw_video_018/raw_video_018_clip_0019.mp4,raw_video_018.mp4,test,night,glare,good,20.033,1,0,1
raw_video_018_clip_0020.mp4,clips/raw_video_018/raw_video_018_clip_0020.mp4,raw_video_018.mp4,test,night,clear,good,20.072,1,0,1
raw_video_018_clip_0021.mp4,clips/raw_video_018/raw_video_018_clip_0021.mp4,raw_video_018.mp4,test,night,glare,good,20.04,1,0,1
raw_video_018_clip_0022.mp4,clips/raw_video_018/raw_video_018_clip_0022.mp4,raw_video_018.mp4,test,night,clear,good,20.045,1,0,1
raw_video_018_clip_0023.mp4,clips/raw_video_018/raw_video_018_clip_0023.mp4,raw_video_018.mp4,test,night,clear,good,20.05,0,0,1
raw_video_018_clip_0024.mp4,clips/raw_video_018/raw_video_018_clip_0024.mp4,raw_video_018.mp4,test,night,clear,good,20.092,0,0,1
raw_video_018_clip_0025.mp4,clips/raw_video_018/raw_video_018_clip_0025.mp4,raw_video_018.mp4,test,night,glare,good,20.043,1,0,1
raw_video_018_clip_0026.mp4,clips/raw_video_018/raw_video_018_clip_0026.mp4,raw_video_018.mp4,test,night,clear,good,20.048,0,0,1
raw_video_018_clip_0027.mp4,clips/raw_video_018/raw_video_018_clip_0027.mp4,raw_video_018.mp4,test,night,clear,good,20.059,1,0,1
raw_video_018_clip_0028.mp4,clips/raw_video_018/raw_video_018_clip_0028.mp4,raw_video_018.mp4,test,night,clear,good,20.082,0,0,1
raw_video_018_clip_0029.mp4,clips/raw_video_018/raw_video_018_clip_0029.mp4,raw_video_018.mp4,test,night,clear,good,20.057,0,0,1
raw_video_018_clip_0030.mp4,clips/raw_video_018/raw_video_018_clip_0030.mp4,raw_video_018.mp4,test,night,clear,good,20.079,0,0,1
raw_video_018_clip_0031.mp4,clips/raw_video_018/raw_video_018_clip_0031.mp4,raw_video_018.mp4,test,night,clear,good,20.033,0,0,1
raw_video_018_clip_0032.mp4,clips/raw_video_018/raw_video_018_clip_0032.mp4,raw_video_018.mp4,test,night,clear,good,20.033,1,0,1
raw_video_018_clip_0033.mp4,clips/raw_video_018/raw_video_018_clip_0033.mp4,raw_video_018.mp4,test,night,clear,good,20.033,0,0,1
raw_video_018_clip_0034.mp4,clips/raw_video_018/raw_video_018_clip_0034.mp4,raw_video_018.mp4,test,night,clear,good,20.033,1,0,1
raw_video_018_clip_0035.mp4,clips/raw_video_018/raw_video_018_clip_0035.mp4,raw_video_018.mp4,test,night,clear,good,20.033,1,0,1
raw_video_018_clip_0036.mp4,clips/raw_video_018/raw_video_018_clip_0036.mp4,raw_video_018.mp4,test,night,clear,good,20.033,0,0,1
raw_video_018_clip_0037.mp4,clips/raw_video_018/raw_video_018_clip_0037.mp4,raw_video_018.mp4,test,night,clear,good,19.032,0,0,1
raw_video_018_clip_0038.mp4,clips/raw_video_018/raw_video_018_clip_0038.mp4,raw_video_018.mp4,test,night,clear,good,20.033,1,0,1
raw_video_018_clip_0039.mp4,clips/raw_video_018/raw_video_018_clip_0039.mp4,raw_video_018.mp4,test,night,glare,good,20.033,1,0,1
raw_video_018_clip_0040.mp4,clips/raw_video_018/raw_video_018_clip_0040.mp4,raw_video_018.mp4,test,night,glare,good,20.041,1,0,1
raw_video_018_clip_0041.mp4,clips/raw_video_018/raw_video_018_clip_0041.mp4,raw_video_018.mp4,test,night,glare,good,20.073,1,0,1
raw_video_018_clip_0042.mp4,clips/raw_video_018/raw_video_018_clip_0042.mp4,raw_video_018.mp4,test,night,glare,good,20.053,1,0,1
raw_video_018_clip_0043.mp4,clips/raw_video_018/raw_video_018_clip_0043.mp4,raw_video_018.mp4,test,night,glare,good,20.046,1,0,1
raw_video_018_clip_0044.mp4,clips/raw_video_018/raw_video_018_clip_0044.mp4,raw_video_018.mp4,test,night,clear,good,20.097,1,0,1
raw_video_018_clip_0045.mp4,clips/raw_video_018/raw_video_018_clip_0045.mp4,raw_video_018.mp4,test,night,clear,good,20.092,0,0,1
raw_video_018_clip_0046.mp4,clips/raw_video_018/raw_video_018_clip_0046.mp4,raw_video_018.mp4,test,night,clear,good,20.092,0,0,1
raw_video_018_clip_0047.mp4,clips/raw_video_018/raw_video_018_clip_0047.mp4,raw_video_018.mp4,test,night,glare,good,20.099,1,0,1
raw_video_018_clip_0048.mp4,clips/raw_video_018/raw_video_018_clip_0048.mp4,raw_video_018.mp4,test,night,clear,good,20.069,0,0,1
raw_video_018_clip_0052.mp4,clips/raw_video_018/raw_video_018_clip_0052.mp4,raw_video_018.mp4,test,night,clear,good,20.088,0,0,1
raw_video_019_clip_0000.mp4,clips/raw_video_019/raw_video_019_clip_0000.mp4,raw_video_019.mp4,train,night,clear,good,20.036,0,0,0
raw_video_019_clip_0001.mp4,clips/raw_video_019/raw_video_019_clip_0001.mp4,raw_video_019.mp4,train,night,clear,good,20.04,0,0,0
raw_video_019_clip_0002.mp4,clips/raw_video_019/raw_video_019_clip_0002.mp4,raw_video_019.mp4,train,night,glare,good,20.039,1,0,0
raw_video_019_clip_0003.mp4,clips/raw_video_019/raw_video_019_clip_0003.mp4,raw_video_019.mp4,train,night,clear,good,20.057,1,0,0
raw_video_019_clip_0004.mp4,clips/raw_video_019/raw_video_019_clip_0004.mp4,raw_video_019.mp4,train,night,clear,good,20.034,0,0,0
raw_video_019_clip_0005.mp4,clips/raw_video_019/raw_video_019_clip_0005.mp4,raw_video_019.mp4,train,night,clear,good,20.04,0,0,0
raw_video_019_clip_0006.mp4,clips/raw_video_019/raw_video_019_clip_0006.mp4,raw_video_019.mp4,train,night,clear,good,20.033,0,0,0
raw_video_019_clip_0007.mp4,clips/raw_video_019/raw_video_019_clip_0007.mp4,raw_video_019.mp4,train,night,clear,good,20.033,0,0,0
raw_video_019_clip_0008.mp4,clips/raw_video_019/raw_video_019_clip_0008.mp4,raw_video_019.mp4,train,night,clear,good,20.042,0,0,0
raw_video_019_clip_0009.mp4,clips/raw_video_019/raw_video_019_clip_0009.mp4,raw_video_019.mp4,train,night,clear,good,20.033,0,0,0
raw_video_019_clip_0010.mp4,clips/raw_video_019/raw_video_019_clip_0010.mp4,raw_video_019.mp4,train,night,clear,good,20.081,0,0,0
raw_video_019_clip_0011.mp4,clips/raw_video_019/raw_video_019_clip_0011.mp4,raw_video_019.mp4,train,night,clear,good,20.096,0,0,0
raw_video_019_clip_0012.mp4,clips/raw_video_019/raw_video_019_clip_0012.mp4,raw_video_019.mp4,train,night,glare,good,20.061,1,0,0
raw_video_019_clip_0013.mp4,clips/raw_video_019/raw_video_019_clip_0013.mp4,raw_video_019.mp4,train,night,clear,good,20.085,0,0,0
raw_video_019_clip_0014.mp4,clips/raw_video_019/raw_video_019_clip_0014.mp4,raw_video_019.mp4,train,night,clear,good,20.069,0,0,0
raw_video_019_clip_0015.mp4,clips/raw_video_019/raw_video_019_clip_0015.mp4,raw_video_019.mp4,train,night,clear,good,20.033,0,0,0
raw_video_019_clip_0016.mp4,clips/raw_video_019/raw_video_019_clip_0016.mp4,raw_video_019.mp4,train,night,clear,good,20.087,0,0,0
raw_video_019_clip_0020.mp4,clips/raw_video_019/raw_video_019_clip_0020.mp4,raw_video_019.mp4,train,night,clear,good,20.085,0,0,0
raw_video_019_clip_0021.mp4,clips/raw_video_019/raw_video_019_clip_0021.mp4,raw_video_019.mp4,train,night,clear,good,20.041,0,0,0
raw_video_019_clip_0022.mp4,clips/raw_video_019/raw_video_019_clip_0022.mp4,raw_video_019.mp4,train,night,clear,good,20.038,0,0,0
raw_video_019_clip_0023.mp4,clips/raw_video_019/raw_video_019_clip_0023.mp4,raw_video_019.mp4,train,night,clear,good,20.033,0,0,0
raw_video_019_clip_0024.mp4,clips/raw_video_019/raw_video_019_clip_0024.mp4,raw_video_019.mp4,train,night,glare,good,20.033,1,0,0
raw_video_019_clip_0025.mp4,clips/raw_video_019/raw_video_019_clip_0025.mp4,raw_video_019.mp4,train,night,glare,good,20.041,1,0,0
raw_video_019_clip_0026.mp4,clips/raw_video_019/raw_video_019_clip_0026.mp4,raw_video_019.mp4,train,night,glare,good,20.033,1,0,0
raw_video_019_clip_0027.mp4,clips/raw_video_019/raw_video_019_clip_0027.mp4,raw_video_019.mp4,train,night,clear,good,20.033,0,0,0
raw_video_019_clip_0028.mp4,clips/raw_video_019/raw_video_019_clip_0028.mp4,raw_video_019.mp4,train,night,clear,good,20.033,0,0,0
raw_video_019_clip_0029.mp4,clips/raw_video_019/raw_video_019_clip_0029.mp4,raw_video_019.mp4,train,night,clear,good,20.082,0,0,0
raw_video_019_clip_0030.mp4,clips/raw_video_019/raw_video_019_clip_0030.mp4,raw_video_019.mp4,train,night,clear,good,20.033,0,0,0
raw_video_019_clip_0031.mp4,clips/raw_video_019/raw_video_019_clip_0031.mp4,raw_video_019.mp4,train,night,clear,good,20.041,1,0,0
raw_video_019_clip_0032.mp4,clips/raw_video_019/raw_video_019_clip_0032.mp4,raw_video_019.mp4,train,night,clear,good,20.033,0,0,0
raw_video_019_clip_0033.mp4,clips/raw_video_019/raw_video_019_clip_0033.mp4,raw_video_019.mp4,train,night,clear,good,20.033,0,0,0
raw_video_019_clip_0034.mp4,clips/raw_video_019/raw_video_019_clip_0034.mp4,raw_video_019.mp4,train,night,glare,good,20.047,1,0,0
raw_video_019_clip_0035.mp4,clips/raw_video_019/raw_video_019_clip_0035.mp4,raw_video_019.mp4,train,night,clear,good,20.033,0,0,0
raw_video_019_clip_0036.mp4,clips/raw_video_019/raw_video_019_clip_0036.mp4,raw_video_019.mp4,train,night,clear,good,20.033,0,0,0
raw_video_019_clip_0037.mp4,clips/raw_video_019/raw_video_019_clip_0037.mp4,raw_video_019.mp4,train,night,clear,good,20.035,0,0,0
raw_video_019_clip_0038.mp4,clips/raw_video_019/raw_video_019_clip_0038.mp4,raw_video_019.mp4,train,night,clear,good,20.033,0,0,0
raw_video_019_clip_0039.mp4,clips/raw_video_019/raw_video_019_clip_0039.mp4,raw_video_019.mp4,train,night,clear,good,20.035,0,0,0
raw_video_019_clip_0040.mp4,clips/raw_video_019/raw_video_019_clip_0040.mp4,raw_video_019.mp4,train,night,clear,good,20.036,0,0,0
raw_video_019_clip_0041.mp4,clips/raw_video_019/raw_video_019_clip_0041.mp4,raw_video_019.mp4,train,night,clear,good,20.033,0,0,0
raw_video_019_clip_0042.mp4,clips/raw_video_019/raw_video_019_clip_0042.mp4,raw_video_019.mp4,train,night,clear,good,20.033,0,0,0
raw_video_019_clip_0043.mp4,clips/raw_video_019/raw_video_019_clip_0043.mp4,raw_video_019.mp4,train,night,clear,good,19.032,0,0,0
raw_video_019_clip_0045.mp4,clips/raw_video_019/raw_video_019_clip_0045.mp4,raw_video_019.mp4,train,night,clear,good,20.07,1,0,0
raw_video_019_clip_0046.mp4,clips/raw_video_019/raw_video_019_clip_0046.mp4,raw_video_019.mp4,train,night,clear,good,20.079,0,0,0
raw_video_019_clip_0049.mp4,clips/raw_video_019/raw_video_019_clip_0049.mp4,raw_video_019.mp4,train,night,clear,good,20.057,0,0,0
raw_video_019_clip_0050.mp4,clips/raw_video_019/raw_video_019_clip_0050.mp4,raw_video_019.mp4,train,night,clear,good,20.09,0,0,0
raw_video_019_clip_0051.mp4,clips/raw_video_019/raw_video_019_clip_0051.mp4,raw_video_019.mp4,train,night,clear,good,20.102,0,0,0
raw_video_019_clip_0052.mp4,clips/raw_video_019/raw_video_019_clip_0052.mp4,raw_video_019.mp4,train,night,clear,good,20.102,0,0,0
raw_video_019_clip_0053.mp4,clips/raw_video_019/raw_video_019_clip_0053.mp4,raw_video_019.mp4,train,night,clear,good,20.067,0,0,0
raw_video_019_clip_0054.mp4,clips/raw_video_019/raw_video_019_clip_0054.mp4,raw_video_019.mp4,train,night,clear,good,20.033,0,0,0
raw_video_019_clip_0055.mp4,clips/raw_video_019/raw_video_019_clip_0055.mp4,raw_video_019.mp4,train,night,clear,good,20.033,0,0,0
raw_video_019_clip_0056.mp4,clips/raw_video_019/raw_video_019_clip_0056.mp4,raw_video_019.mp4,train,night,clear,good,20.033,0,0,0
raw_video_019_clip_0057.mp4,clips/raw_video_019/raw_video_019_clip_0057.mp4,raw_video_019.mp4,train,night,clear,good,20.033,0,0,0
raw_video_019_clip_0058.mp4,clips/raw_video_019/raw_video_019_clip_0058.mp4,raw_video_019.mp4,train,night,clear,good,20.033,0,0,0
raw_video_019_clip_0059.mp4,clips/raw_video_019/raw_video_019_clip_0059.mp4,raw_video_019.mp4,train,night,clear,good,20.033,0,0,0
raw_video_019_clip_0060.mp4,clips/raw_video_019/raw_video_019_clip_0060.mp4,raw_video_019.mp4,train,night,clear,good,20.033,0,0,0
raw_video_019_clip_0061.mp4,clips/raw_video_019/raw_video_019_clip_0061.mp4,raw_video_019.mp4,train,night,clear,good,20.033,0,0,0
raw_video_019_clip_0062.mp4,clips/raw_video_019/raw_video_019_clip_0062.mp4,raw_video_019.mp4,train,night,clear,good,19.045,0,0,0
raw_video_019_clip_0063.mp4,clips/raw_video_019/raw_video_019_clip_0063.mp4,raw_video_019.mp4,train,night,clear,good,20.053,0,0,0
raw_video_019_clip_0064.mp4,clips/raw_video_019/raw_video_019_clip_0064.mp4,raw_video_019.mp4,train,night,clear,good,20.033,0,0,0
raw_video_019_clip_0066.mp4,clips/raw_video_019/raw_video_019_clip_0066.mp4,raw_video_019.mp4,train,night,clear,good,20.033,0,0,0
raw_video_019_clip_0067.mp4,clips/raw_video_019/raw_video_019_clip_0067.mp4,raw_video_019.mp4,train,night,clear,good,20.033,0,0,0
raw_video_019_clip_0068.mp4,clips/raw_video_019/raw_video_019_clip_0068.mp4,raw_video_019.mp4,train,night,clear,good,20.039,0,0,0
raw_video_019_clip_0069.mp4,clips/raw_video_019/raw_video_019_clip_0069.mp4,raw_video_019.mp4,train,night,clear,good,20.05,0,0,0
raw_video_019_clip_0070.mp4,clips/raw_video_019/raw_video_019_clip_0070.mp4,raw_video_019.mp4,train,night,clear,good,20.033,0,0,0
raw_video_019_clip_0071.mp4,clips/raw_video_019/raw_video_019_clip_0071.mp4,raw_video_019.mp4,train,night,clear,good,20.086,0,0,0
raw_video_019_clip_0072.mp4,clips/raw_video_019/raw_video_019_clip_0072.mp4,raw_video_019.mp4,train,night,clear,good,21.476,1,0,0
raw_video_019_clip_0073.mp4,clips/raw_video_019/raw_video_019_clip_0073.mp4,raw_video_019.mp4,train,night,clear,good,20.103,0,0,0
raw_video_019_clip_0074.mp4,clips/raw_video_019/raw_video_019_clip_0074.mp4,raw_video_019.mp4,train,night,clear,good,18.037,1,0,0
raw_video_019_clip_0075.mp4,clips/raw_video_019/raw_video_019_clip_0075.mp4,raw_video_019.mp4,train,night,clear,good,20.059,0,0,0
raw_video_019_clip_0076.mp4,clips/raw_video_019/raw_video_019_clip_0076.mp4,raw_video_019.mp4,train,night,clear,good,20.088,0,0,0
raw_video_019_clip_0077.mp4,clips/raw_video_019/raw_video_019_clip_0077.mp4,raw_video_019.mp4,train,night,clear,good,20.091,0,0,0
raw_video_019_clip_0078.mp4,clips/raw_video_019/raw_video_019_clip_0078.mp4,raw_video_019.mp4,train,night,clear,good,20.066,0,0,0
raw_video_019_clip_0079.mp4,clips/raw_video_019/raw_video_019_clip_0079.mp4,raw_video_019.mp4,train,night,clear,good,20.071,0,0,0
raw_video_019_clip_0080.mp4,clips/raw_video_019/raw_video_019_clip_0080.mp4,raw_video_019.mp4,train,night,clear,good,20.061,0,0,0
raw_video_019_clip_0081.mp4,clips/raw_video_019/raw_video_019_clip_0081.mp4,raw_video_019.mp4,train,night,glare,good,20.065,1,0,0
raw_video_019_clip_0082.mp4,clips/raw_video_019/raw_video_019_clip_0082.mp4,raw_video_019.mp4,train,night,clear,good,20.102,1,0,0
raw_video_019_clip_0083.mp4,clips/raw_video_019/raw_video_019_clip_0083.mp4,raw_video_019.mp4,train,night,glare,good,20.098,1,0,0
raw_video_019_clip_0084.mp4,clips/raw_video_019/raw_video_019_clip_0084.mp4,raw_video_019.mp4,train,night,clear,good,20.103,0,0,0
raw_video_019_clip_0085.mp4,clips/raw_video_019/raw_video_019_clip_0085.mp4,raw_video_019.mp4,train,night,clear,good,20.103,0,0,0
raw_video_019_clip_0086.mp4,clips/raw_video_019/raw_video_019_clip_0086.mp4,raw_video_019.mp4,train,night,clear,good,20.102,0,0,0
raw_video_019_clip_0087.mp4,clips/raw_video_019/raw_video_019_clip_0087.mp4,raw_video_019.mp4,train,night,clear,good,20.095,0,0,0
raw_video_019_clip_0088.mp4,clips/raw_video_019/raw_video_019_clip_0088.mp4,raw_video_019.mp4,train,night,clear,good,20.103,0,0,0
raw_video_019_clip_0089.mp4,clips/raw_video_019/raw_video_019_clip_0089.mp4,raw_video_019.mp4,train,night,clear,good,20.103,0,0,0
raw_video_019_clip_0090.mp4,clips/raw_video_019/raw_video_019_clip_0090.mp4,raw_video_019.mp4,train,night,clear,good,20.103,0,0,0
raw_video_019_clip_0091.mp4,clips/raw_video_019/raw_video_019_clip_0091.mp4,raw_video_019.mp4,train,night,clear,good,20.063,0,0,0
raw_video_019_clip_0092.mp4,clips/raw_video_019/raw_video_019_clip_0092.mp4,raw_video_019.mp4,train,night,clear,good,20.091,0,0,0
raw_video_019_clip_0093.mp4,clips/raw_video_019/raw_video_019_clip_0093.mp4,raw_video_019.mp4,train,night,glare,good,20.095,1,0,0
raw_video_019_clip_0094.mp4,clips/raw_video_019/raw_video_019_clip_0094.mp4,raw_video_019.mp4,train,night,clear,good,20.086,0,0,0
raw_video_019_clip_0095.mp4,clips/raw_video_019/raw_video_019_clip_0095.mp4,raw_video_019.mp4,train,night,clear,good,20.103,0,0,0
raw_video_019_clip_0096.mp4,clips/raw_video_019/raw_video_019_clip_0096.mp4,raw_video_019.mp4,train,night,clear,good,20.102,0,0,0
raw_video_019_clip_0097.mp4,clips/raw_video_019/raw_video_019_clip_0097.mp4,raw_video_019.mp4,train,night,clear,good,18.091,0,0,0
raw_video_019_clip_0098.mp4,clips/raw_video_019/raw_video_019_clip_0098.mp4,raw_video_019.mp4,train,night,clear,good,20.088,0,0,0
raw_video_019_clip_0099.mp4,clips/raw_video_019/raw_video_019_clip_0099.mp4,raw_video_019.mp4,train,night,clear,good,20.102,0,0,0
raw_video_019_clip_0100.mp4,clips/raw_video_019/raw_video_019_clip_0100.mp4,raw_video_019.mp4,train,night,clear,good,20.102,0,0,0
raw_video_019_clip_0101.mp4,clips/raw_video_019/raw_video_019_clip_0101.mp4,raw_video_019.mp4,train,night,clear,good,20.102,0,0,0
raw_video_019_clip_0102.mp4,clips/raw_video_019/raw_video_019_clip_0102.mp4,raw_video_019.mp4,train,night,clear,good,20.102,0,0,0
raw_video_019_clip_0103.mp4,clips/raw_video_019/raw_video_019_clip_0103.mp4,raw_video_019.mp4,train,night,clear,good,20.103,0,0,0
raw_video_019_clip_0104.mp4,clips/raw_video_019/raw_video_019_clip_0104.mp4,raw_video_019.mp4,train,night,clear,good,20.097,0,0,0
raw_video_019_clip_0105.mp4,clips/raw_video_019/raw_video_019_clip_0105.mp4,raw_video_019.mp4,train,night,clear,good,20.093,0,0,0
raw_video_019_clip_0106.mp4,clips/raw_video_019/raw_video_019_clip_0106.mp4,raw_video_019.mp4,train,night,clear,good,20.102,0,0,0
raw_video_019_clip_0107.mp4,clips/raw_video_019/raw_video_019_clip_0107.mp4,raw_video_019.mp4,train,night,clear,good,20.081,0,0,0
raw_video_019_clip_0108.mp4,clips/raw_video_019/raw_video_019_clip_0108.mp4,raw_video_019.mp4,train,night,glare,good,20.047,1,0,0
raw_video_019_clip_0109.mp4,clips/raw_video_019/raw_video_019_clip_0109.mp4,raw_video_019.mp4,train,night,clear,good,20.039,0,0,0
raw_video_019_clip_0110.mp4,clips/raw_video_019/raw_video_019_clip_0110.mp4,raw_video_019.mp4,train,night,clear,good,20.082,0,0,0
raw_video_019_clip_0111.mp4,clips/raw_video_019/raw_video_019_clip_0111.mp4,raw_video_019.mp4,train,night,clear,good,20.102,0,0,0
raw_video_019_clip_0112.mp4,clips/raw_video_019/raw_video_019_clip_0112.mp4,raw_video_019.mp4,train,night,clear,good,20.064,0,0,0
raw_video_019_clip_0113.mp4,clips/raw_video_019/raw_video_019_clip_0113.mp4,raw_video_019.mp4,train,night,clear,good,20.05,0,0,0
raw_video_019_clip_0114.mp4,clips/raw_video_019/raw_video_019_clip_0114.mp4,raw_video_019.mp4,train,night,clear,good,20.103,0,0,0
raw_video_019_clip_0115.mp4,clips/raw_video_019/raw_video_019_clip_0115.mp4,raw_video_019.mp4,train,night,clear,good,20.092,1,0,0
raw_video_019_clip_0116.mp4,clips/raw_video_019/raw_video_019_clip_0116.mp4,raw_video_019.mp4,train,night,clear,good,20.098,0,0,0
raw_video_019_clip_0117.mp4,clips/raw_video_019/raw_video_019_clip_0117.mp4,raw_video_019.mp4,train,night,clear,good,20.102,0,0,0
raw_video_019_clip_0118.mp4,clips/raw_video_019/raw_video_019_clip_0118.mp4,raw_video_019.mp4,train,night,clear,good,20.103,0,0,0
raw_video_019_clip_0119.mp4,clips/raw_video_019/raw_video_019_clip_0119.mp4,raw_video_019.mp4,train,night,clear,good,18.092,1,0,0
raw_video_019_clip_0120.mp4,clips/raw_video_019/raw_video_019_clip_0120.mp4,raw_video_019.mp4,train,night,clear,good,20.099,0,0,0
raw_video_019_clip_0121.mp4,clips/raw_video_019/raw_video_019_clip_0121.mp4,raw_video_019.mp4,train,night,clear,good,20.089,0,0,0
raw_video_019_clip_0122.mp4,clips/raw_video_019/raw_video_019_clip_0122.mp4,raw_video_019.mp4,train,night,glare,good,20.104,1,0,0
raw_video_019_clip_0123.mp4,clips/raw_video_019/raw_video_019_clip_0123.mp4,raw_video_019.mp4,train,night,glare,good,20.073,1,0,0
raw_video_019_clip_0124.mp4,clips/raw_video_019/raw_video_019_clip_0124.mp4,raw_video_019.mp4,train,night,clear,good,20.103,0,0,0
raw_video_019_clip_0125.mp4,clips/raw_video_019/raw_video_019_clip_0125.mp4,raw_video_019.mp4,train,night,clear,good,20.103,1,0,0
raw_video_019_clip_0126.mp4,clips/raw_video_019/raw_video_019_clip_0126.mp4,raw_video_019.mp4,train,night,clear,good,20.103,0,0,0
raw_video_019_clip_0127.mp4,clips/raw_video_019/raw_video_019_clip_0127.mp4,raw_video_019.mp4,train,night,clear,good,20.103,0,0,0
raw_video_019_clip_0128.mp4,clips/raw_video_019/raw_video_019_clip_0128.mp4,raw_video_019.mp4,train,night,clear,good,20.093,0,0,0
raw_video_019_clip_0129.mp4,clips/raw_video_019/raw_video_019_clip_0129.mp4,raw_video_019.mp4,train,night,clear,good,20.103,0,0,0
raw_video_019_clip_0130.mp4,clips/raw_video_019/raw_video_019_clip_0130.mp4,raw_video_019.mp4,train,night,clear,good,20.103,0,0,0
raw_video_019_clip_0131.mp4,clips/raw_video_019/raw_video_019_clip_0131.mp4,raw_video_019.mp4,train,night,clear,good,20.102,0,0,0
raw_video_019_clip_0132.mp4,clips/raw_video_019/raw_video_019_clip_0132.mp4,raw_video_019.mp4,train,night,clear,good,20.103,1,0,0
raw_video_019_clip_0133.mp4,clips/raw_video_019/raw_video_019_clip_0133.mp4,raw_video_019.mp4,train,night,clear,good,20.098,0,0,0
raw_video_019_clip_0134.mp4,clips/raw_video_019/raw_video_019_clip_0134.mp4,raw_video_019.mp4,train,night,clear,good,20.103,0,0,0
raw_video_019_clip_0135.mp4,clips/raw_video_019/raw_video_019_clip_0135.mp4,raw_video_019.mp4,train,night,clear,good,20.06,0,0,0
raw_video_019_clip_0138.mp4,clips/raw_video_019/raw_video_019_clip_0138.mp4,raw_video_019.mp4,train,night,clear,good,20.068,1,0,0
raw_video_019_clip_0139.mp4,clips/raw_video_019/raw_video_019_clip_0139.mp4,raw_video_019.mp4,train,night,clear,good,20.103,0,0,0
raw_video_019_clip_0140.mp4,clips/raw_video_019/raw_video_019_clip_0140.mp4,raw_video_019.mp4,train,night,shadow,good,20.103,1,0,0
raw_video_019_clip_0141.mp4,clips/raw_video_019/raw_video_019_clip_0141.mp4,raw_video_019.mp4,train,night,shadow,good,20.102,1,0,0
raw_video_019_clip_0142.mp4,clips/raw_video_019/raw_video_019_clip_0142.mp4,raw_video_019.mp4,train,night,shadow,good,18.092,1,0,0
raw_video_019_clip_0143.mp4,clips/raw_video_019/raw_video_019_clip_0143.mp4,raw_video_019.mp4,train,night,shadow,good,20.102,1,0,0
raw_video_019_clip_0144.mp4,clips/raw_video_019/raw_video_019_clip_0144.mp4,raw_video_019.mp4,train,night,shadow,good,20.103,1,0,0
raw_video_019_clip_0145.mp4,clips/raw_video_019/raw_video_019_clip_0145.mp4,raw_video_019.mp4,train,night,shadow,good,20.103,1,0,0
raw_video_019_clip_0146.mp4,clips/raw_video_019/raw_video_019_clip_0146.mp4,raw_video_019.mp4,train,night,clear,good,20.085,0,0,0
raw_video_020_clip_0000.mp4,clips/raw_video_020/raw_video_020_clip_0000.mp4,raw_video_020.mp4,train,night,clear,good,20.102,0,0,0
raw_video_020_clip_0001.mp4,clips/raw_video_020/raw_video_020_clip_0001.mp4,raw_video_020.mp4,train,night,clear,good,20.102,0,0,0
raw_video_020_clip_0002.mp4,clips/raw_video_020/raw_video_020_clip_0002.mp4,raw_video_020.mp4,train,night,clear,good,20.091,0,0,0
raw_video_020_clip_0003.mp4,clips/raw_video_020/raw_video_020_clip_0003.mp4,raw_video_020.mp4,train,night,clear,good,20.032,0,0,0
raw_video_020_clip_0004.mp4,clips/raw_video_020/raw_video_020_clip_0004.mp4,raw_video_020.mp4,train,night,clear,good,20.102,0,0,0
raw_video_020_clip_0005.mp4,clips/raw_video_020/raw_video_020_clip_0005.mp4,raw_video_020.mp4,train,night,glare,good,20.082,1,0,0
raw_video_020_clip_0006.mp4,clips/raw_video_020/raw_video_020_clip_0006.mp4,raw_video_020.mp4,train,night,shadow,good,20.102,0,0,0
raw_video_020_clip_0007.mp4,clips/raw_video_020/raw_video_020_clip_0007.mp4,raw_video_020.mp4,train,night,shadow,good,20.102,1,0,0
raw_video_020_clip_0008.mp4,clips/raw_video_020/raw_video_020_clip_0008.mp4,raw_video_020.mp4,train,night,shadow,good,20.102,0,0,0
raw_video_020_clip_0009.mp4,clips/raw_video_020/raw_video_020_clip_0009.mp4,raw_video_020.mp4,train,night,shadow,good,20.102,1,0,0
raw_video_020_clip_0010.mp4,clips/raw_video_020/raw_video_020_clip_0010.mp4,raw_video_020.mp4,train,night,shadow,good,19.097,0,0,0
raw_video_020_clip_0011.mp4,clips/raw_video_020/raw_video_020_clip_0011.mp4,raw_video_020.mp4,train,night,shadow,good,20.102,1,0,0
raw_video_020_clip_0012.mp4,clips/raw_video_020/raw_video_020_clip_0012.mp4,raw_video_020.mp4,train,night,glare,good,20.102,0,0,0
raw_video_020_clip_0013.mp4,clips/raw_video_020/raw_video_020_clip_0013.mp4,raw_video_020.mp4,train,night,shadow,good,20.102,0,0,0
raw_video_020_clip_0014.mp4,clips/raw_video_020/raw_video_020_clip_0014.mp4,raw_video_020.mp4,train,night,shadow,good,20.102,1,0,0
raw_video_020_clip_0015.mp4,clips/raw_video_020/raw_video_020_clip_0015.mp4,raw_video_020.mp4,train,night,shadow,good,20.102,1,0,0
raw_video_020_clip_0016.mp4,clips/raw_video_020/raw_video_020_clip_0016.mp4,raw_video_020.mp4,train,night,shadow,good,20.102,1,0,0
raw_video_020_clip_0017.mp4,clips/raw_video_020/raw_video_020_clip_0017.mp4,raw_video_020.mp4,train,night,shadow,good,20.102,0,0,0
raw_video_020_clip_0018.mp4,clips/raw_video_020/raw_video_020_clip_0018.mp4,raw_video_020.mp4,train,night,shadow,good,20.102,1,0,0
raw_video_020_clip_0019.mp4,clips/raw_video_020/raw_video_020_clip_0019.mp4,raw_video_020.mp4,train,night,shadow,good,20.102,0,0,0
raw_video_020_clip_0020.mp4,clips/raw_video_020/raw_video_020_clip_0020.mp4,raw_video_020.mp4,train,night,shadow,good,19.097,1,0,0
raw_video_020_clip_0021.mp4,clips/raw_video_020/raw_video_020_clip_0021.mp4,raw_video_020.mp4,train,night,shadow,good,20.102,1,0,0
raw_video_020_clip_0022.mp4,clips/raw_video_020/raw_video_020_clip_0022.mp4,raw_video_020.mp4,train,night,shadow,good,20.102,1,0,0
raw_video_020_clip_0023.mp4,clips/raw_video_020/raw_video_020_clip_0023.mp4,raw_video_020.mp4,train,night,shadow,good,20.102,1,0,0
raw_video_020_clip_0024.mp4,clips/raw_video_020/raw_video_020_clip_0024.mp4,raw_video_020.mp4,train,night,glare,good,20.102,1,0,0
raw_video_020_clip_0025.mp4,clips/raw_video_020/raw_video_020_clip_0025.mp4,raw_video_020.mp4,train,night,shadow,good,20.102,1,0,0
raw_video_020_clip_0026.mp4,clips/raw_video_020/raw_video_020_clip_0026.mp4,raw_video_020.mp4,train,night,shadow,good,20.102,1,0,0
raw_video_020_clip_0027.mp4,clips/raw_video_020/raw_video_020_clip_0027.mp4,raw_video_020.mp4,train,night,shadow,good,20.102,1,0,0
raw_video_020_clip_0028.mp4,clips/raw_video_020/raw_video_020_clip_0028.mp4,raw_video_020.mp4,train,night,shadow,good,20.102,1,0,0
raw_video_020_clip_0029.mp4,clips/raw_video_020/raw_video_020_clip_0029.mp4,raw_video_020.mp4,train,night,shadow,good,20.102,1,0,0
raw_video_020_clip_0030.mp4,clips/raw_video_020/raw_video_020_clip_0030.mp4,raw_video_020.mp4,train,night,shadow,good,19.097,1,0,0
raw_video_020_clip_0031.mp4,clips/raw_video_020/raw_video_020_clip_0031.mp4,raw_video_020.mp4,train,night,shadow,good,20.102,1,0,0
raw_video_020_clip_0032.mp4,clips/raw_video_020/raw_video_020_clip_0032.mp4,raw_video_020.mp4,train,night,shadow,good,20.102,0,0,0
raw_video_020_clip_0033.mp4,clips/raw_video_020/raw_video_020_clip_0033.mp4,raw_video_020.mp4,train,night,shadow,good,20.102,1,0,0
raw_video_020_clip_0034.mp4,clips/raw_video_020/raw_video_020_clip_0034.mp4,raw_video_020.mp4,train,night,shadow,good,20.102,1,0,0
raw_video_020_clip_0035.mp4,clips/raw_video_020/raw_video_020_clip_0035.mp4,raw_video_020.mp4,train,night,shadow,good,20.102,1,0,0
raw_video_020_clip_0036.mp4,clips/raw_video_020/raw_video_020_clip_0036.mp4,raw_video_020.mp4,train,night,shadow,good,20.102,1,0,0
raw_video_020_clip_0037.mp4,clips/raw_video_020/raw_video_020_clip_0037.mp4,raw_video_020.mp4,train,night,shadow,good,20.102,0,0,0
raw_video_020_clip_0038.mp4,clips/raw_video_020/raw_video_020_clip_0038.mp4,raw_video_020.mp4,train,night,shadow,good,20.068,1,0,0
raw_video_020_clip_0039.mp4,clips/raw_video_020/raw_video_020_clip_0039.mp4,raw_video_020.mp4,train,night,clear,good,20.102,0,0,0
raw_video_020_clip_0040.mp4,clips/raw_video_020/raw_video_020_clip_0040.mp4,raw_video_020.mp4,train,night,clear,good,20.037,0,0,0
raw_video_020_clip_0041.mp4,clips/raw_video_020/raw_video_020_clip_0041.mp4,raw_video_020.mp4,train,night,glare,good,19.053,1,0,0
raw_video_020_clip_0042.mp4,clips/raw_video_020/raw_video_020_clip_0042.mp4,raw_video_020.mp4,train,night,clear,good,20.086,0,0,0
raw_video_020_clip_0043.mp4,clips/raw_video_020/raw_video_020_clip_0043.mp4,raw_video_020.mp4,train,night,clear,good,20.088,0,0,0
raw_video_020_clip_0044.mp4,clips/raw_video_020/raw_video_020_clip_0044.mp4,raw_video_020.mp4,train,night,clear,good,20.102,0,0,0
raw_video_020_clip_0045.mp4,clips/raw_video_020/raw_video_020_clip_0045.mp4,raw_video_020.mp4,train,night,clear,good,20.1,0,0,0
raw_video_020_clip_0046.mp4,clips/raw_video_020/raw_video_020_clip_0046.mp4,raw_video_020.mp4,train,night,clear,good,20.085,0,0,0
raw_video_020_clip_0047.mp4,clips/raw_video_020/raw_video_020_clip_0047.mp4,raw_video_020.mp4,train,night,clear,good,20.102,0,0,0
raw_video_020_clip_0048.mp4,clips/raw_video_020/raw_video_020_clip_0048.mp4,raw_video_020.mp4,train,night,clear,good,20.102,0,0,0
raw_video_020_clip_0049.mp4,clips/raw_video_020/raw_video_020_clip_0049.mp4,raw_video_020.mp4,train,night,clear,good,20.091,0,0,0
raw_video_020_clip_0050.mp4,clips/raw_video_020/raw_video_020_clip_0050.mp4,raw_video_020.mp4,train,night,clear,good,20.102,0,0,0
raw_video_020_clip_0051.mp4,clips/raw_video_020/raw_video_020_clip_0051.mp4,raw_video_020.mp4,train,night,clear,good,20.077,0,0,0
raw_video_020_clip_0052.mp4,clips/raw_video_020/raw_video_020_clip_0052.mp4,raw_video_020.mp4,train,night,clear,good,19.085,0,0,0
raw_video_020_clip_0053.mp4,clips/raw_video_020/raw_video_020_clip_0053.mp4,raw_video_020.mp4,train,night,clear,good,20.099,0,0,0
raw_video_020_clip_0054.mp4,clips/raw_video_020/raw_video_020_clip_0054.mp4,raw_video_020.mp4,train,night,clear,good,20.085,0,0,0
raw_video_020_clip_0055.mp4,clips/raw_video_020/raw_video_020_clip_0055.mp4,raw_video_020.mp4,train,night,clear,good,20.1,0,0,0
raw_video_020_clip_0056.mp4,clips/raw_video_020/raw_video_020_clip_0056.mp4,raw_video_020.mp4,train,night,clear,good,20.098,0,0,0
raw_video_020_clip_0057.mp4,clips/raw_video_020/raw_video_020_clip_0057.mp4,raw_video_020.mp4,train,night,clear,good,20.079,0,0,0
raw_video_020_clip_0058.mp4,clips/raw_video_020/raw_video_020_clip_0058.mp4,raw_video_020.mp4,train,night,clear,good,20.095,0,0,0
raw_video_020_clip_0059.mp4,clips/raw_video_020/raw_video_020_clip_0059.mp4,raw_video_020.mp4,train,night,clear,good,20.102,0,0,0
raw_video_020_clip_0060.mp4,clips/raw_video_020/raw_video_020_clip_0060.mp4,raw_video_020.mp4,train,night,clear,good,20.102,0,0,0
raw_video_020_clip_0061.mp4,clips/raw_video_020/raw_video_020_clip_0061.mp4,raw_video_020.mp4,train,night,clear,good,20.102,0,0,0
raw_video_020_clip_0062.mp4,clips/raw_video_020/raw_video_020_clip_0062.mp4,raw_video_020.mp4,train,night,clear,good,20.102,0,0,0
raw_video_020_clip_0063.mp4,clips/raw_video_020/raw_video_020_clip_0063.mp4,raw_video_020.mp4,train,night,clear,good,19.097,0,0,0
raw_video_020_clip_0064.mp4,clips/raw_video_020/raw_video_020_clip_0064.mp4,raw_video_020.mp4,train,night,shadow,good,20.102,1,0,0
raw_video_020_clip_0065.mp4,clips/raw_video_020/raw_video_020_clip_0065.mp4,raw_video_020.mp4,train,night,shadow,good,20.102,1,0,0
raw_video_020_clip_0066.mp4,clips/raw_video_020/raw_video_020_clip_0066.mp4,raw_video_020.mp4,train,night,clear,good,20.097,0,0,0
raw_video_020_clip_0067.mp4,clips/raw_video_020/raw_video_020_clip_0067.mp4,raw_video_020.mp4,train,night,clear,good,20.102,0,0,0
raw_video_020_clip_0068.mp4,clips/raw_video_020/raw_video_020_clip_0068.mp4,raw_video_020.mp4,train,night,clear,good,20.102,0,0,0
raw_video_020_clip_0069.mp4,clips/raw_video_020/raw_video_020_clip_0069.mp4,raw_video_020.mp4,train,night,shadow,good,20.102,1,0,0
raw_video_020_clip_0070.mp4,clips/raw_video_020/raw_video_020_clip_0070.mp4,raw_video_020.mp4,train,night,clear,good,20.102,0,0,0
raw_video_020_clip_0071.mp4,clips/raw_video_020/raw_video_020_clip_0071.mp4,raw_video_020.mp4,train,night,clear,good,20.102,0,0,0
raw_video_020_clip_0072.mp4,clips/raw_video_020/raw_video_020_clip_0072.mp4,raw_video_020.mp4,train,night,clear,good,19.097,0,0,0
raw_video_020_clip_0073.mp4,clips/raw_video_020/raw_video_020_clip_0073.mp4,raw_video_020.mp4,train,night,clear,good,20.102,0,0,0
raw_video_020_clip_0074.mp4,clips/raw_video_020/raw_video_020_clip_0074.mp4,raw_video_020.mp4,train,night,clear,good,20.102,0,0,0
raw_video_020_clip_0075.mp4,clips/raw_video_020/raw_video_020_clip_0075.mp4,raw_video_020.mp4,train,night,clear,good,20.102,0,0,0
raw_video_020_clip_0076.mp4,clips/raw_video_020/raw_video_020_clip_0076.mp4,raw_video_020.mp4,train,night,clear,good,20.102,0,0,0
raw_video_020_clip_0077.mp4,clips/raw_video_020/raw_video_020_clip_0077.mp4,raw_video_020.mp4,train,night,clear,good,20.093,0,0,0
raw_video_020_clip_0078.mp4,clips/raw_video_020/raw_video_020_clip_0078.mp4,raw_video_020.mp4,train,night,clear,good,20.102,0,0,0
raw_video_020_clip_0079.mp4,clips/raw_video_020/raw_video_020_clip_0079.mp4,raw_video_020.mp4,train,night,clear,good,20.105,0,0,0
raw_video_020_clip_0080.mp4,clips/raw_video_020/raw_video_020_clip_0080.mp4,raw_video_020.mp4,train,night,clear,good,20.127,0,0,0
raw_video_020_clip_0081.mp4,clips/raw_video_020/raw_video_020_clip_0081.mp4,raw_video_020.mp4,train,night,clear,good,20.096,0,0,0
raw_video_020_clip_0082.mp4,clips/raw_video_020/raw_video_020_clip_0082.mp4,raw_video_020.mp4,train,night,clear,good,19.074,0,0,0
raw_video_020_clip_0083.mp4,clips/raw_video_020/raw_video_020_clip_0083.mp4,raw_video_020.mp4,train,night,clear,good,20.09,0,0,0
raw_video_020_clip_0084.mp4,clips/raw_video_020/raw_video_020_clip_0084.mp4,raw_video_020.mp4,train,night,clear,good,20.097,0,0,0
raw_video_020_clip_0085.mp4,clips/raw_video_020/raw_video_020_clip_0085.mp4,raw_video_020.mp4,train,night,clear,good,20.082,0,0,0
raw_video_020_clip_0086.mp4,clips/raw_video_020/raw_video_020_clip_0086.mp4,raw_video_020.mp4,train,night,clear,good,20.102,0,0,0
raw_video_020_clip_0087.mp4,clips/raw_video_020/raw_video_020_clip_0087.mp4,raw_video_020.mp4,train,night,clear,good,20.102,0,0,0
raw_video_020_clip_0089.mp4,clips/raw_video_020/raw_video_020_clip_0089.mp4,raw_video_020.mp4,train,night,clear,good,20.094,0,0,0
raw_video_020_clip_0090.mp4,clips/raw_video_020/raw_video_020_clip_0090.mp4,raw_video_020.mp4,train,night,clear,good,19.491,0,0,0
raw_video_020_clip_0091.mp4,clips/raw_video_020/raw_video_020_clip_0091.mp4,raw_video_020.mp4,train,night,clear,good,20.083,0,0,0
raw_video_020_clip_0092.mp4,clips/raw_video_020/raw_video_020_clip_0092.mp4,raw_video_020.mp4,train,night,clear,good,20.06,0,0,0
raw_video_020_clip_0093.mp4,clips/raw_video_020/raw_video_020_clip_0093.mp4,raw_video_020.mp4,train,night,clear,good,20.098,0,0,0
raw_video_020_clip_0094.mp4,clips/raw_video_020/raw_video_020_clip_0094.mp4,raw_video_020.mp4,train,night,clear,good,20.091,0,0,0
raw_video_020_clip_0095.mp4,clips/raw_video_020/raw_video_020_clip_0095.mp4,raw_video_020.mp4,train,night,clear,good,20.098,0,0,0
raw_video_020_clip_0096.mp4,clips/raw_video_020/raw_video_020_clip_0096.mp4,raw_video_020.mp4,train,night,clear,good,20.085,0,0,0
raw_video_020_clip_0097.mp4,clips/raw_video_020/raw_video_020_clip_0097.mp4,raw_video_020.mp4,train,night,clear,good,20.048,0,0,0
raw_video_020_clip_0098.mp4,clips/raw_video_020/raw_video_020_clip_0098.mp4,raw_video_020.mp4,train,night,clear,good,20.033,0,0,0
raw_video_020_clip_0099.mp4,clips/raw_video_020/raw_video_020_clip_0099.mp4,raw_video_020.mp4,train,night,clear,good,20.078,0,0,0
raw_video_020_clip_0100.mp4,clips/raw_video_020/raw_video_020_clip_0100.mp4,raw_video_020.mp4,train,night,clear,good,20.1,0,0,0
raw_video_020_clip_0101.mp4,clips/raw_video_020/raw_video_020_clip_0101.mp4,raw_video_020.mp4,train,night,clear,good,19.097,0,0,0
raw_video_020_clip_0102.mp4,clips/raw_video_020/raw_video_020_clip_0102.mp4,raw_video_020.mp4,train,night,clear,good,20.087,0,0,0
raw_video_020_clip_0103.mp4,clips/raw_video_020/raw_video_020_clip_0103.mp4,raw_video_020.mp4,train,night,clear,good,20.102,0,0,0
raw_video_020_clip_0104.mp4,clips/raw_video_020/raw_video_020_clip_0104.mp4,raw_video_020.mp4,train,night,clear,good,20.102,0,0,0
raw_video_020_clip_0105.mp4,clips/raw_video_020/raw_video_020_clip_0105.mp4,raw_video_020.mp4,train,night,clear,good,20.068,0,0,0
raw_video_020_clip_0106.mp4,clips/raw_video_020/raw_video_020_clip_0106.mp4,raw_video_020.mp4,train,night,clear,good,20.034,0,0,0
raw_video_020_clip_0107.mp4,clips/raw_video_020/raw_video_020_clip_0107.mp4,raw_video_020.mp4,train,night,clear,good,20.033,0,0,0
raw_video_020_clip_0108.mp4,clips/raw_video_020/raw_video_020_clip_0108.mp4,raw_video_020.mp4,train,night,clear,good,20.059,0,0,0
raw_video_021_clip_0002.mp4,clips/raw_video_021/raw_video_021_clip_0002.mp4,raw_video_021.mp4,test,day,clear,good,20.033,0,1,0
raw_video_021_clip_0003.mp4,clips/raw_video_021/raw_video_021_clip_0003.mp4,raw_video_021.mp4,test,day,clear,good,20.039,1,1,0
raw_video_021_clip_0004.mp4,clips/raw_video_021/raw_video_021_clip_0004.mp4,raw_video_021.mp4,test,day,clear,good,20.034,0,1,0
raw_video_021_clip_0012.mp4,clips/raw_video_021/raw_video_021_clip_0012.mp4,raw_video_021.mp4,test,day,clear,good,20.033,0,1,0
raw_video_021_clip_0013.mp4,clips/raw_video_021/raw_video_021_clip_0013.mp4,raw_video_021.mp4,test,day,clear,good,20.032,0,1,0
raw_video_021_clip_0016.mp4,clips/raw_video_021/raw_video_021_clip_0016.mp4,raw_video_021.mp4,test,day,clear,good,20.036,1,1,0
raw_video_021_clip_0017.mp4,clips/raw_video_021/raw_video_021_clip_0017.mp4,raw_video_021.mp4,test,day,clear,good,20.034,0,1,0
raw_video_021_clip_0018.mp4,clips/raw_video_021/raw_video_021_clip_0018.mp4,raw_video_021.mp4,test,day,clear,good,20.033,0,1,0
raw_video_021_clip_0019.mp4,clips/raw_video_021/raw_video_021_clip_0019.mp4,raw_video_021.mp4,test,day,clear,good,20.033,0,1,0
raw_video_021_clip_0020.mp4,clips/raw_video_021/raw_video_021_clip_0020.mp4,raw_video_021.mp4,test,day,clear,good,20.033,1,1,0
raw_video_021_clip_0021.mp4,clips/raw_video_021/raw_video_021_clip_0021.mp4,raw_video_021.mp4,test,day,clear,good,20.033,0,1,0
raw_video_021_clip_0022.mp4,clips/raw_video_021/raw_video_021_clip_0022.mp4,raw_video_021.mp4,test,day,clear,good,20.033,0,1,0
raw_video_021_clip_0023.mp4,clips/raw_video_021/raw_video_021_clip_0023.mp4,raw_video_021.mp4,test,day,clear,good,20.033,0,1,0
raw_video_021_clip_0024.mp4,clips/raw_video_021/raw_video_021_clip_0024.mp4,raw_video_021.mp4,test,day,clear,good,20.033,1,1,0
raw_video_021_clip_0025.mp4,clips/raw_video_021/raw_video_021_clip_0025.mp4,raw_video_021.mp4,test,day,clear,good,20.029,0,1,0
raw_video_021_clip_0027.mp4,clips/raw_video_021/raw_video_021_clip_0027.mp4,raw_video_021.mp4,test,day,clear,good,20.048,0,1,0
raw_video_021_clip_0028.mp4,clips/raw_video_021/raw_video_021_clip_0028.mp4,raw_video_021.mp4,test,day,clear,good,20.029,1,1,0
raw_video_021_clip_0029.mp4,clips/raw_video_021/raw_video_021_clip_0029.mp4,raw_video_021.mp4,test,day,clear,good,19.032,0,1,0
raw_video_021_clip_0030.mp4,clips/raw_video_021/raw_video_021_clip_0030.mp4,raw_video_021.mp4,test,day,clear,good,20.038,0,1,0
raw_video_021_clip_0031.mp4,clips/raw_video_021/raw_video_021_clip_0031.mp4,raw_video_021.mp4,test,day,clear,good,20.035,0,1,0
raw_video_021_clip_0032.mp4,clips/raw_video_021/raw_video_021_clip_0032.mp4,raw_video_021.mp4,test,day,clear,good,20.03,0,1,0
raw_video_021_clip_0033.mp4,clips/raw_video_021/raw_video_021_clip_0033.mp4,raw_video_021.mp4,test,day,clear,good,20.035,1,1,0
raw_video_021_clip_0034.mp4,clips/raw_video_021/raw_video_021_clip_0034.mp4,raw_video_021.mp4,test,day,clear,good,20.038,1,1,0
raw_video_021_clip_0035.mp4,clips/raw_video_021/raw_video_021_clip_0035.mp4,raw_video_021.mp4,test,day,clear,good,20.031,1,1,0
raw_video_021_clip_0036.mp4,clips/raw_video_021/raw_video_021_clip_0036.mp4,raw_video_021.mp4,test,day,clear,good,20.033,0,1,0
raw_video_021_clip_0037.mp4,clips/raw_video_021/raw_video_021_clip_0037.mp4,raw_video_021.mp4,test,day,clear,good,20.035,0,1,0
raw_video_021_clip_0038.mp4,clips/raw_video_021/raw_video_021_clip_0038.mp4,raw_video_021.mp4,test,day,clear,good,20.033,0,1,0
raw_video_021_clip_0039.mp4,clips/raw_video_021/raw_video_021_clip_0039.mp4,raw_video_021.mp4,test,day,clear,good,20.035,1,1,0
raw_video_021_clip_0040.mp4,clips/raw_video_021/raw_video_021_clip_0040.mp4,raw_video_021.mp4,test,day,clear,good,20.027,1,1,0
raw_video_021_clip_0041.mp4,clips/raw_video_021/raw_video_021_clip_0041.mp4,raw_video_021.mp4,test,day,clear,good,20.033,0,1,0
raw_video_021_clip_0042.mp4,clips/raw_video_021/raw_video_021_clip_0042.mp4,raw_video_021.mp4,test,day,clear,good,20.041,0,1,0
raw_video_021_clip_0043.mp4,clips/raw_video_021/raw_video_021_clip_0043.mp4,raw_video_021.mp4,test,day,clear,good,20.028,0,1,0
raw_video_021_clip_0044.mp4,clips/raw_video_021/raw_video_021_clip_0044.mp4,raw_video_021.mp4,test,day,clear,good,20.037,1,1,0
raw_video_021_clip_0045.mp4,clips/raw_video_021/raw_video_021_clip_0045.mp4,raw_video_021.mp4,test,day,clear,good,20.032,0,1,0
raw_video_021_clip_0046.mp4,clips/raw_video_021/raw_video_021_clip_0046.mp4,raw_video_021.mp4,test,day,clear,good,20.032,1,1,0
raw_video_021_clip_0047.mp4,clips/raw_video_021/raw_video_021_clip_0047.mp4,raw_video_021.mp4,test,day,clear,good,20.035,1,1,0
raw_video_021_clip_0048.mp4,clips/raw_video_021/raw_video_021_clip_0048.mp4,raw_video_021.mp4,test,day,clear,good,20.036,0,1,0
raw_video_021_clip_0049.mp4,clips/raw_video_021/raw_video_021_clip_0049.mp4,raw_video_021.mp4,test,day,clear,good,20.03,1,1,0
raw_video_021_clip_0050.mp4,clips/raw_video_021/raw_video_021_clip_0050.mp4,raw_video_021.mp4,test,day,clear,good,20.031,0,1,0
raw_video_021_clip_0051.mp4,clips/raw_video_021/raw_video_021_clip_0051.mp4,raw_video_021.mp4,test,day,clear,good,20.033,0,1,0
raw_video_021_clip_0052.mp4,clips/raw_video_021/raw_video_021_clip_0052.mp4,raw_video_021.mp4,test,day,clear,good,20.039,1,1,0
raw_video_021_clip_0053.mp4,clips/raw_video_021/raw_video_021_clip_0053.mp4,raw_video_021.mp4,test,day,clear,good,20.033,0,1,0
raw_video_021_clip_0054.mp4,clips/raw_video_021/raw_video_021_clip_0054.mp4,raw_video_021.mp4,test,day,clear,good,20.029,1,1,0
raw_video_021_clip_0055.mp4,clips/raw_video_021/raw_video_021_clip_0055.mp4,raw_video_021.mp4,test,day,clear,good,20.033,0,1,0
raw_video_021_clip_0056.mp4,clips/raw_video_021/raw_video_021_clip_0056.mp4,raw_video_021.mp4,test,day,clear,good,20.024,1,1,0
raw_video_021_clip_0057.mp4,clips/raw_video_021/raw_video_021_clip_0057.mp4,raw_video_021.mp4,test,day,clear,good,20.043,1,1,0
raw_video_021_clip_0058.mp4,clips/raw_video_021/raw_video_021_clip_0058.mp4,raw_video_021.mp4,test,day,clear,good,20.034,0,1,0
raw_video_021_clip_0059.mp4,clips/raw_video_021/raw_video_021_clip_0059.mp4,raw_video_021.mp4,test,day,clear,good,19.032,0,1,0
raw_video_021_clip_0060.mp4,clips/raw_video_021/raw_video_021_clip_0060.mp4,raw_video_021.mp4,test,day,clear,good,20.033,1,1,0
raw_video_021_clip_0061.mp4,clips/raw_video_021/raw_video_021_clip_0061.mp4,raw_video_021.mp4,test,day,clear,good,20.033,0,1,0
raw_video_021_clip_0062.mp4,clips/raw_video_021/raw_video_021_clip_0062.mp4,raw_video_021.mp4,test,day,clear,good,20.035,0,1,0
raw_video_021_clip_0063.mp4,clips/raw_video_021/raw_video_021_clip_0063.mp4,raw_video_021.mp4,test,day,clear,good,20.032,0,1,0
raw_video_021_clip_0064.mp4,clips/raw_video_021/raw_video_021_clip_0064.mp4,raw_video_021.mp4,test,day,clear,good,20.038,1,1,0
raw_video_021_clip_0065.mp4,clips/raw_video_021/raw_video_021_clip_0065.mp4,raw_video_021.mp4,test,day,clear,good,20.029,0,1,0
raw_video_021_clip_0066.mp4,clips/raw_video_021/raw_video_021_clip_0066.mp4,raw_video_021.mp4,test,day,clear,good,20.033,1,1,0
raw_video_021_clip_0067.mp4,clips/raw_video_021/raw_video_021_clip_0067.mp4,raw_video_021.mp4,test,day,clear,good,20.035,0,1,0
raw_video_021_clip_0068.mp4,clips/raw_video_021/raw_video_021_clip_0068.mp4,raw_video_021.mp4,test,day,clear,good,20.035,1,1,0
raw_video_021_clip_0069.mp4,clips/raw_video_021/raw_video_021_clip_0069.mp4,raw_video_021.mp4,test,day,clear,good,20.036,1,1,0
raw_video_021_clip_0070.mp4,clips/raw_video_021/raw_video_021_clip_0070.mp4,raw_video_021.mp4,test,day,clear,good,20.034,0,1,0
raw_video_021_clip_0071.mp4,clips/raw_video_021/raw_video_021_clip_0071.mp4,raw_video_021.mp4,test,day,clear,good,20.033,1,1,0
raw_video_021_clip_0072.mp4,clips/raw_video_021/raw_video_021_clip_0072.mp4,raw_video_021.mp4,test,day,clear,good,20.033,0,1,0
raw_video_021_clip_0073.mp4,clips/raw_video_021/raw_video_021_clip_0073.mp4,raw_video_021.mp4,test,day,clear,good,20.033,0,1,0
raw_video_021_clip_0074.mp4,clips/raw_video_021/raw_video_021_clip_0074.mp4,raw_video_021.mp4,test,day,clear,good,20.034,0,1,0
raw_video_021_clip_0077.mp4,clips/raw_video_021/raw_video_021_clip_0077.mp4,raw_video_021.mp4,test,day,clear,good,20.033,0,1,0
raw_video_021_clip_0078.mp4,clips/raw_video_021/raw_video_021_clip_0078.mp4,raw_video_021.mp4,test,day,clear,good,20.033,1,1,0
raw_video_021_clip_0079.mp4,clips/raw_video_021/raw_video_021_clip_0079.mp4,raw_video_021.mp4,test,day,clear,good,20.033,0,1,0
raw_video_021_clip_0080.mp4,clips/raw_video_021/raw_video_021_clip_0080.mp4,raw_video_021.mp4,test,day,clear,good,20.033,0,1,0
raw_video_021_clip_0081.mp4,clips/raw_video_021/raw_video_021_clip_0081.mp4,raw_video_021.mp4,test,day,clear,good,20.031,0,1,0
raw_video_021_clip_0082.mp4,clips/raw_video_021/raw_video_021_clip_0082.mp4,raw_video_021.mp4,test,day,clear,good,20.035,1,1,0
raw_video_021_clip_0086.mp4,clips/raw_video_021/raw_video_021_clip_0086.mp4,raw_video_021.mp4,test,day,clear,good,20.033,0,1,0
raw_video_021_clip_0087.mp4,clips/raw_video_021/raw_video_021_clip_0087.mp4,raw_video_021.mp4,test,day,clear,good,20.033,0,1,0
raw_video_021_clip_0088.mp4,clips/raw_video_021/raw_video_021_clip_0088.mp4,raw_video_021.mp4,test,day,clear,good,20.033,1,1,0
raw_video_021_clip_0089.mp4,clips/raw_video_021/raw_video_021_clip_0089.mp4,raw_video_021.mp4,test,day,clear,good,19.03,0,1,0
raw_video_021_clip_0090.mp4,clips/raw_video_021/raw_video_021_clip_0090.mp4,raw_video_021.mp4,test,day,clear,good,20.034,1,1,0
raw_video_021_clip_0091.mp4,clips/raw_video_021/raw_video_021_clip_0091.mp4,raw_video_021.mp4,test,day,clear,good,20.033,0,1,0
raw_video_021_clip_0092.mp4,clips/raw_video_021/raw_video_021_clip_0092.mp4,raw_video_021.mp4,test,day,clear,good,20.033,0,1,0
raw_video_021_clip_0093.mp4,clips/raw_video_021/raw_video_021_clip_0093.mp4,raw_video_021.mp4,test,day,clear,good,20.032,0,1,0
raw_video_022_clip_0000.mp4,clips/raw_video_022/raw_video_022_clip_0000.mp4,raw_video_022.mp4,test,evening,rain,good,20.033,1,0,1
raw_video_022_clip_0001.mp4,clips/raw_video_022/raw_video_022_clip_0001.mp4,raw_video_022.mp4,test,evening,rain,good,20.033,1,0,1
raw_video_022_clip_0002.mp4,clips/raw_video_022/raw_video_022_clip_0002.mp4,raw_video_022.mp4,test,evening,rain,good,20.033,1,0,1
raw_video_022_clip_0003.mp4,clips/raw_video_022/raw_video_022_clip_0003.mp4,raw_video_022.mp4,test,evening,rain,good,20.033,1,0,1
raw_video_022_clip_0004.mp4,clips/raw_video_022/raw_video_022_clip_0004.mp4,raw_video_022.mp4,test,evening,rain,good,20.033,1,0,1
raw_video_022_clip_0005.mp4,clips/raw_video_022/raw_video_022_clip_0005.mp4,raw_video_022.mp4,test,evening,rain,good,20.033,1,0,1
raw_video_022_clip_0006.mp4,clips/raw_video_022/raw_video_022_clip_0006.mp4,raw_video_022.mp4,test,evening,rain,good,20.033,1,0,1
raw_video_022_clip_0007.mp4,clips/raw_video_022/raw_video_022_clip_0007.mp4,raw_video_022.mp4,test,evening,rain,good,20.033,1,0,1
raw_video_022_clip_0008.mp4,clips/raw_video_022/raw_video_022_clip_0008.mp4,raw_video_022.mp4,test,evening,rain,good,20.033,1,0,1
raw_video_022_clip_0009.mp4,clips/raw_video_022/raw_video_022_clip_0009.mp4,raw_video_022.mp4,test,evening,rain,good,20.033,1,0,1
raw_video_022_clip_0010.mp4,clips/raw_video_022/raw_video_022_clip_0010.mp4,raw_video_022.mp4,test,evening,rain,good,20.043,1,0,1
raw_video_022_clip_0011.mp4,clips/raw_video_022/raw_video_022_clip_0011.mp4,raw_video_022.mp4,test,evening,rain,good,20.023,1,0,1
raw_video_022_clip_0012.mp4,clips/raw_video_022/raw_video_022_clip_0012.mp4,raw_video_022.mp4,test,evening,rain,good,20.033,1,0,1
raw_video_022_clip_0014.mp4,clips/raw_video_022/raw_video_022_clip_0014.mp4,raw_video_022.mp4,test,evening,rain,good,20.043,1,0,1
raw_video_022_clip_0015.mp4,clips/raw_video_022/raw_video_022_clip_0015.mp4,raw_video_022.mp4,test,evening,rain,good,20.033,1,0,1
raw_video_022_clip_0016.mp4,clips/raw_video_022/raw_video_022_clip_0016.mp4,raw_video_022.mp4,test,evening,rain,good,20.033,1,0,1
raw_video_022_clip_0017.mp4,clips/raw_video_022/raw_video_022_clip_0017.mp4,raw_video_022.mp4,test,evening,rain,good,20.023,1,0,1
raw_video_022_clip_0018.mp4,clips/raw_video_022/raw_video_022_clip_0018.mp4,raw_video_022.mp4,test,evening,rain,good,20.043,1,0,1
raw_video_022_clip_0019.mp4,clips/raw_video_022/raw_video_022_clip_0019.mp4,raw_video_022.mp4,test,evening,rain,good,20.033,1,0,1
raw_video_022_clip_0020.mp4,clips/raw_video_022/raw_video_022_clip_0020.mp4,raw_video_022.mp4,test,evening,rain,good,20.023,1,0,1
raw_video_022_clip_0021.mp4,clips/raw_video_022/raw_video_022_clip_0021.mp4,raw_video_022.mp4,test,evening,rain,good,20.033,1,0,1
raw_video_022_clip_0022.mp4,clips/raw_video_022/raw_video_022_clip_0022.mp4,raw_video_022.mp4,test,evening,rain,good,20.033,1,0,1
raw_video_022_clip_0023.mp4,clips/raw_video_022/raw_video_022_clip_0023.mp4,raw_video_022.mp4,test,evening,rain,good,20.033,1,0,1
raw_video_022_clip_0024.mp4,clips/raw_video_022/raw_video_022_clip_0024.mp4,raw_video_022.mp4,test,evening,rain,good,20.033,1,0,1
raw_video_022_clip_0025.mp4,clips/raw_video_022/raw_video_022_clip_0025.mp4,raw_video_022.mp4,test,evening,rain,good,19.232,1,0,1
raw_video_022_clip_0026.mp4,clips/raw_video_022/raw_video_022_clip_0026.mp4,raw_video_022.mp4,test,evening,rain,good,20.034,1,0,1
raw_video_022_clip_0027.mp4,clips/raw_video_022/raw_video_022_clip_0027.mp4,raw_video_022.mp4,test,evening,rain,good,20.034,1,0,1
raw_video_022_clip_0028.mp4,clips/raw_video_022/raw_video_022_clip_0028.mp4,raw_video_022.mp4,test,evening,rain,good,20.034,1,0,1
raw_video_022_clip_0029.mp4,clips/raw_video_022/raw_video_022_clip_0029.mp4,raw_video_022.mp4,test,evening,rain,good,20.044,1,0,1
raw_video_023_clip_0000.mp4,clips/raw_video_023/raw_video_023_clip_0000.mp4,raw_video_023.mp4,train,evening,rain,good,20.102,0,0,0
raw_video_023_clip_0001.mp4,clips/raw_video_023/raw_video_023_clip_0001.mp4,raw_video_023.mp4,train,evening,rain,good,20.064,1,0,0
raw_video_023_clip_0002.mp4,clips/raw_video_023/raw_video_023_clip_0002.mp4,raw_video_023.mp4,train,evening,rain,good,20.102,0,0,0
raw_video_023_clip_0003.mp4,clips/raw_video_023/raw_video_023_clip_0003.mp4,raw_video_023.mp4,train,evening,rain,good,20.102,1,0,0
raw_video_023_clip_0004.mp4,clips/raw_video_023/raw_video_023_clip_0004.mp4,raw_video_023.mp4,train,evening,rain,good,20.092,1,0,0
raw_video_023_clip_0005.mp4,clips/raw_video_023/raw_video_023_clip_0005.mp4,raw_video_023.mp4,train,evening,rain,good,20.033,1,0,0
raw_video_023_clip_0006.mp4,clips/raw_video_023/raw_video_023_clip_0006.mp4,raw_video_023.mp4,train,evening,rain,good,20.041,1,0,0
raw_video_023_clip_0007.mp4,clips/raw_video_023/raw_video_023_clip_0007.mp4,raw_video_023.mp4,train,evening,rain,good,20.033,1,0,0
raw_video_023_clip_0008.mp4,clips/raw_video_023/raw_video_023_clip_0008.mp4,raw_video_023.mp4,train,evening,rain,good,20.033,1,0,0
raw_video_023_clip_0009.mp4,clips/raw_video_023/raw_video_023_clip_0009.mp4,raw_video_023.mp4,train,evening,rain,good,20.067,1,0,0
raw_video_023_clip_0010.mp4,clips/raw_video_023/raw_video_023_clip_0010.mp4,raw_video_023.mp4,train,evening,rain,good,20.057,1,0,0
raw_video_023_clip_0011.mp4,clips/raw_video_023/raw_video_023_clip_0011.mp4,raw_video_023.mp4,train,evening,rain,good,20.085,1,0,0
raw_video_023_clip_0012.mp4,clips/raw_video_023/raw_video_023_clip_0012.mp4,raw_video_023.mp4,train,evening,rain,good,20.102,1,0,0
raw_video_023_clip_0013.mp4,clips/raw_video_023/raw_video_023_clip_0013.mp4,raw_video_023.mp4,train,evening,rain,good,19.092,1,0,0
raw_video_023_clip_0014.mp4,clips/raw_video_023/raw_video_023_clip_0014.mp4,raw_video_023.mp4,train,evening,rain,good,20.084,0,0,0
raw_video_023_clip_0015.mp4,clips/raw_video_023/raw_video_023_clip_0015.mp4,raw_video_023.mp4,train,evening,rain,good,20.102,1,0,0
raw_video_023_clip_0016.mp4,clips/raw_video_023/raw_video_023_clip_0016.mp4,raw_video_023.mp4,train,evening,rain,good,20.102,0,0,0
raw_video_023_clip_0017.mp4,clips/raw_video_023/raw_video_023_clip_0017.mp4,raw_video_023.mp4,train,evening,rain,good,20.098,1,0,0
raw_video_023_clip_0018.mp4,clips/raw_video_023/raw_video_023_clip_0018.mp4,raw_video_023.mp4,train,evening,rain,good,20.099,0,0,0
raw_video_023_clip_0019.mp4,clips/raw_video_023/raw_video_023_clip_0019.mp4,raw_video_023.mp4,train,evening,rain,good,20.102,1,0,0
raw_video_023_clip_0020.mp4,clips/raw_video_023/raw_video_023_clip_0020.mp4,raw_video_023.mp4,train,evening,rain,good,20.102,0,0,0
raw_video_023_clip_0021.mp4,clips/raw_video_023/raw_video_023_clip_0021.mp4,raw_video_023.mp4,train,evening,rain,good,20.102,0,0,0
raw_video_023_clip_0022.mp4,clips/raw_video_023/raw_video_023_clip_0022.mp4,raw_video_023.mp4,train,evening,rain,good,20.102,1,0,0
raw_video_023_clip_0023.mp4,clips/raw_video_023/raw_video_023_clip_0023.mp4,raw_video_023.mp4,train,evening,glare,good,20.036,1,0,0
raw_video_023_clip_0024.mp4,clips/raw_video_023/raw_video_023_clip_0024.mp4,raw_video_023.mp4,train,evening,glare,good,20.052,0,0,0
raw_video_023_clip_0025.mp4,clips/raw_video_023/raw_video_023_clip_0025.mp4,raw_video_023.mp4,train,evening,rain,good,19.057,1,0,0
raw_video_023_clip_0026.mp4,clips/raw_video_023/raw_video_023_clip_0026.mp4,raw_video_023.mp4,train,evening,rain,good,20.082,0,0,0
raw_video_023_clip_0027.mp4,clips/raw_video_023/raw_video_023_clip_0027.mp4,raw_video_023.mp4,train,evening,rain,good,20.086,1,0,0
raw_video_023_clip_0028.mp4,clips/raw_video_023/raw_video_023_clip_0028.mp4,raw_video_023.mp4,train,evening,rain,good,20.049,1,0,0
raw_video_023_clip_0029.mp4,clips/raw_video_023/raw_video_023_clip_0029.mp4,raw_video_023.mp4,train,evening,rain,good,20.066,0,0,0
raw_video_023_clip_0031.mp4,clips/raw_video_023/raw_video_023_clip_0031.mp4,raw_video_023.mp4,train,evening,rain,good,20.097,0,0,0
raw_video_023_clip_0032.mp4,clips/raw_video_023/raw_video_023_clip_0032.mp4,raw_video_023.mp4,train,evening,rain,good,20.089,0,0,0
raw_video_023_clip_0033.mp4,clips/raw_video_023/raw_video_023_clip_0033.mp4,raw_video_023.mp4,train,evening,rain,good,20.077,1,0,0
raw_video_023_clip_0034.mp4,clips/raw_video_023/raw_video_023_clip_0034.mp4,raw_video_023.mp4,train,evening,rain,good,20.101,0,0,0
raw_video_023_clip_0035.mp4,clips/raw_video_023/raw_video_023_clip_0035.mp4,raw_video_023.mp4,train,evening,rain,good,20.084,1,0,0
raw_video_023_clip_0036.mp4,clips/raw_video_023/raw_video_023_clip_0036.mp4,raw_video_023.mp4,train,evening,rain,good,20.086,1,0,0
raw_video_023_clip_0037.mp4,clips/raw_video_023/raw_video_023_clip_0037.mp4,raw_video_023.mp4,train,evening,rain,good,19.097,1,0,0
raw_video_023_clip_0038.mp4,clips/raw_video_023/raw_video_023_clip_0038.mp4,raw_video_023.mp4,train,evening,rain,good,20.055,0,0,0
raw_video_023_clip_0039.mp4,clips/raw_video_023/raw_video_023_clip_0039.mp4,raw_video_023.mp4,train,evening,rain,good,20.085,1,0,0
raw_video_023_clip_0040.mp4,clips/raw_video_023/raw_video_023_clip_0040.mp4,raw_video_023.mp4,train,evening,rain,good,20.079,0,0,0
raw_video_023_clip_0041.mp4,clips/raw_video_023/raw_video_023_clip_0041.mp4,raw_video_023.mp4,train,evening,rain,good,20.099,1,0,0
raw_video_023_clip_0042.mp4,clips/raw_video_023/raw_video_023_clip_0042.mp4,raw_video_023.mp4,train,evening,rain,good,20.066,1,0,0
raw_video_023_clip_0045.mp4,clips/raw_video_023/raw_video_023_clip_0045.mp4,raw_video_023.mp4,train,evening,rain,good,20.102,1,0,0
raw_video_023_clip_0046.mp4,clips/raw_video_023/raw_video_023_clip_0046.mp4,raw_video_023.mp4,train,evening,rain,good,20.102,0,0,0
raw_video_023_clip_0047.mp4,clips/raw_video_023/raw_video_023_clip_0047.mp4,raw_video_023.mp4,train,evening,rain,good,20.102,0,0,0
raw_video_023_clip_0048.mp4,clips/raw_video_023/raw_video_023_clip_0048.mp4,raw_video_023.mp4,train,evening,rain,good,19.089,0,0,0
raw_video_023_clip_0049.mp4,clips/raw_video_023/raw_video_023_clip_0049.mp4,raw_video_023.mp4,train,evening,rain,good,20.052,1,0,0
